{
	"credit": "Made with Blockbench",
	"textures": {
		"0": "misc/shield",
		"particle": "misc/shield"
	},
	"elements": [
		{
			"name": "hexadecagon",
			"from": [15.65, 3.82935, 6.7],
			"to": [16.65, 5.42065, 8.6],
			"rotation": {"angle": -45, "axis": "z", "origin": [12.65, 4.625, 8.5]},
			"faces": {
				"north": {"uv": [0, 14.5, 1, 15.5], "texture": "#0"},
				"east": {"uv": [0, 14.5, 1, 15.5], "texture": "#0"},
				"south": {"uv": [0, 14.5, 1, 15.5], "texture": "#0"},
				"west": {"uv": [0, 14.5, 1, 15.5], "texture": "#0"},
				"up": {"uv": [0, 14.5, 1, 15.5], "texture": "#0"},
				"down": {"uv": [0, 14.5, 1, 15.5], "texture": "#0"}
			}
		},
		{
			"name": "hexadecagon",
			"from": [15.65, 3.82935, 6.7],
			"to": [16.65, 5.42065, 8.6],
			"rotation": {"angle": -22.5, "axis": "z", "origin": [12.65, 4.625, 8.5]},
			"faces": {
				"north": {"uv": [0, 14.5, 1, 15.5], "texture": "#0"},
				"east": {"uv": [0, 14.5, 1, 15.5], "texture": "#0"},
				"south": {"uv": [0, 14.5, 1, 15.5], "texture": "#0"},
				"west": {"uv": [0, 14.5, 1, 15.5], "texture": "#0"},
				"up": {"uv": [0, 14.5, 1, 15.5], "texture": "#0"},
				"down": {"uv": [0, 14.5, 1, 15.5], "texture": "#0"}
			}
		},
		{
			"name": "hexadecagon",
			"from": [15.65, 3.82935, 6.7],
			"to": [16.65, 26.62065, 8.6],
			"rotation": {"angle": 0, "axis": "x", "origin": [12.65, 4.625, 8.5]},
			"faces": {
				"north": {"uv": [0, 14.5, 1, 15.5], "texture": "#0"},
				"east": {"uv": [0, 14.5, 1, 15.5], "texture": "#0"},
				"south": {"uv": [0, 14.5, 1, 15.5], "texture": "#0"},
				"west": {"uv": [0, 14.5, 1, 15.5], "texture": "#0"},
				"up": {"uv": [0, 14.5, 1, 15.5], "texture": "#0"},
				"down": {"uv": [0, 14.5, 1, 15.5], "texture": "#0"}
			}
		},
		{
			"name": "hexadecagon",
			"from": [15.65, 25.02935, 6.7],
			"to": [16.65, 26.62065, 8.6],
			"rotation": {"angle": 22.5, "axis": "z", "origin": [12.65, 25.825, 8.5]},
			"faces": {
				"north": {"uv": [0, 14.5, 1, 15.5], "texture": "#0"},
				"east": {"uv": [0, 14.5, 1, 15.5], "texture": "#0"},
				"south": {"uv": [0, 14.5, 1, 15.5], "texture": "#0"},
				"west": {"uv": [0, 14.5, 1, 15.5], "texture": "#0"},
				"up": {"uv": [0, 14.5, 1, 15.5], "texture": "#0"},
				"down": {"uv": [0, 14.5, 1, 15.5], "texture": "#0"}
			}
		},
		{
			"name": "hexadecagon",
			"from": [15.65, 25.02935, 6.7],
			"to": [16.65, 26.62065, 8.6],
			"rotation": {"angle": 45, "axis": "z", "origin": [12.65, 25.825, 8.5]},
			"faces": {
				"north": {"uv": [0, 14.5, 1, 15.5], "texture": "#0"},
				"east": {"uv": [0, 14.5, 1, 15.5], "texture": "#0"},
				"south": {"uv": [0, 14.5, 1, 15.5], "texture": "#0"},
				"west": {"uv": [0, 14.5, 1, 15.5], "texture": "#0"},
				"up": {"uv": [0, 14.5, 1, 15.5], "texture": "#0"},
				"down": {"uv": [0, 14.5, 1, 15.5], "texture": "#0"}
			}
		},
		{
			"name": "hexadecagon",
			"from": [1.25, 25.02935, 6.7],
			"to": [2.25, 26.62065, 8.6],
			"rotation": {"angle": -45, "axis": "z", "origin": [5.25, 25.825, 8.5]},
			"faces": {
				"north": {"uv": [0, 14.5, 1, 15.5], "texture": "#0"},
				"east": {"uv": [0, 14.5, 1, 15.5], "texture": "#0"},
				"south": {"uv": [0, 14.5, 1, 15.5], "texture": "#0"},
				"west": {"uv": [0, 14.5, 1, 15.5], "texture": "#0"},
				"up": {"uv": [0, 14.5, 1, 15.5], "texture": "#0"},
				"down": {"uv": [0, 14.5, 1, 15.5], "texture": "#0"}
			}
		},
		{
			"name": "hexadecagon",
			"from": [1.25, 25.02935, 6.7],
			"to": [2.25, 26.62065, 8.6],
			"rotation": {"angle": -22.5, "axis": "z", "origin": [5.25, 25.825, 8.5]},
			"faces": {
				"north": {"uv": [0, 14.5, 1, 15.5], "texture": "#0"},
				"east": {"uv": [0, 14.5, 1, 15.5], "texture": "#0"},
				"south": {"uv": [0, 14.5, 1, 15.5], "texture": "#0"},
				"west": {"uv": [0, 14.5, 1, 15.5], "texture": "#0"},
				"up": {"uv": [0, 14.5, 1, 15.5], "texture": "#0"},
				"down": {"uv": [0, 14.5, 1, 15.5], "texture": "#0"}
			}
		},
		{
			"name": "hexadecagon",
			"from": [1.25, 3.82935, 6.7],
			"to": [2.25, 26.62065, 8.6],
			"rotation": {"angle": 0, "axis": "x", "origin": [5.25, 4.625, 8.5]},
			"faces": {
				"north": {"uv": [0, 14.5, 1, 15.5], "texture": "#0"},
				"east": {"uv": [0, 14.5, 1, 15.5], "texture": "#0"},
				"south": {"uv": [0, 14.5, 1, 15.5], "texture": "#0"},
				"west": {"uv": [0, 14.5, 1, 15.5], "texture": "#0"},
				"up": {"uv": [0, 14.5, 1, 15.5], "texture": "#0"},
				"down": {"uv": [0, 14.5, 1, 15.5], "texture": "#0"}
			}
		},
		{
			"name": "hexadecagon",
			"from": [2.25, 14.02935, 6.7],
			"to": [15.75, 17.72065, 8.6],
			"rotation": {"angle": 0, "axis": "x", "origin": [5.25, 4.625, 8.5]},
			"faces": {
				"north": {"uv": [0, 14.5, 1, 15.5], "texture": "#0"},
				"east": {"uv": [0, 14.5, 1, 15.5], "texture": "#0"},
				"south": {"uv": [0, 14.5, 1, 15.5], "texture": "#0"},
				"west": {"uv": [0, 14.5, 1, 15.5], "texture": "#0"},
				"up": {"uv": [0, 14.5, 1, 15.5], "texture": "#0"},
				"down": {"uv": [0, 14.5, 1, 15.5], "texture": "#0"}
			}
		},
		{
			"name": "hexadecagon",
			"from": [8.55, 17.02935, 7.35],
			"to": [9.85, 17.62065, 11.675],
			"rotation": {"angle": 0, "axis": "x", "origin": [7.95, 4.525, 9.825]},
			"faces": {
				"north": {"uv": [14, 1, 15, 2], "texture": "#0"},
				"east": {"uv": [14, 1, 15, 2], "texture": "#0"},
				"south": {"uv": [14, 1, 15, 2], "texture": "#0"},
				"west": {"uv": [14, 1, 15, 2], "texture": "#0"},
				"up": {"uv": [14, 1, 15, 2], "texture": "#0"},
				"down": {"uv": [14, 1, 15, 2], "texture": "#0"}
			}
		},
		{
			"name": "hexadecagon",
			"from": [8.55, 14.20435, 7.35],
			"to": [9.85, 14.79565, 11.675],
			"rotation": {"angle": 0, "axis": "x", "origin": [7.95, 1.7, 9.825]},
			"faces": {
				"north": {"uv": [14, 1, 15, 2], "texture": "#0"},
				"east": {"uv": [14, 1, 15, 2], "texture": "#0"},
				"south": {"uv": [14, 1, 15, 2], "texture": "#0"},
				"west": {"uv": [14, 1, 15, 2], "texture": "#0"},
				"up": {"uv": [14, 1, 15, 2], "texture": "#0"},
				"down": {"uv": [14, 1, 15, 2], "texture": "#0"}
			}
		},
		{
			"name": "hexadecagon",
			"from": [8.55, 14.20435, 11.225],
			"to": [9.85, 17.59565, 11.875],
			"rotation": {"angle": 0, "axis": "x", "origin": [7.95, 1.7, 9.825]},
			"faces": {
				"north": {"uv": [14, 1, 15, 2], "texture": "#0"},
				"east": {"uv": [14, 1, 15, 2], "texture": "#0"},
				"south": {"uv": [14, 1, 15, 2], "texture": "#0"},
				"west": {"uv": [14, 1, 15, 2], "texture": "#0"},
				"up": {"uv": [14, 1, 15, 2], "texture": "#0"},
				"down": {"uv": [14, 1, 15, 2], "texture": "#0"}
			}
		},
		{
			"name": "hexadecagon",
			"from": [8.55, 14.20435, 7.175],
			"to": [9.85, 17.59565, 8.825],
			"rotation": {"angle": 0, "axis": "x", "origin": [7.95, 1.7, 6.775]},
			"faces": {
				"north": {"uv": [14, 1, 15, 2], "texture": "#0"},
				"east": {"uv": [14, 1, 15, 2], "texture": "#0"},
				"south": {"uv": [14, 1, 15, 2], "texture": "#0"},
				"west": {"uv": [14, 1, 15, 2], "texture": "#0"},
				"up": {"uv": [14, 1, 15, 2], "texture": "#0"},
				"down": {"uv": [14, 1, 15, 2], "texture": "#0"}
			}
		},
		{
			"name": "hexadecagon",
			"from": [5.25, 14.52935, 6.675],
			"to": [12.5, 17.22065, 7.675],
			"rotation": {"angle": 0, "axis": "x", "origin": [5.25, 4.625, 8.475]},
			"faces": {
				"north": {"uv": [4, 6.75, 11.75, 10.25], "texture": "#0"},
				"east": {"uv": [0, 14.5, 1, 15.5], "texture": "#0"},
				"south": {"uv": [0, 14.5, 1, 15.5], "texture": "#0"},
				"west": {"uv": [0, 14.5, 1, 15.5], "texture": "#0"},
				"up": {"uv": [0, 14.5, 1, 15.5], "texture": "#0"},
				"down": {"uv": [0, 14.5, 1, 15.5], "texture": "#0"}
			}
		},
		{
			"name": "hexadecagon",
			"from": [1.25, 3.82935, 6.7],
			"to": [2.25, 5.42065, 8.6],
			"rotation": {"angle": 22.5, "axis": "z", "origin": [5.25, 4.625, 8.5]},
			"faces": {
				"north": {"uv": [0, 14.5, 1, 15.5], "texture": "#0"},
				"east": {"uv": [0, 14.5, 1, 15.5], "texture": "#0"},
				"south": {"uv": [0, 14.5, 1, 15.5], "texture": "#0"},
				"west": {"uv": [0, 14.5, 1, 15.5], "texture": "#0"},
				"up": {"uv": [0, 14.5, 1, 15.5], "texture": "#0"},
				"down": {"uv": [0, 14.5, 1, 15.5], "texture": "#0"}
			}
		},
		{
			"name": "hexadecagon",
			"from": [1.25, 3.82935, 6.7],
			"to": [2.25, 5.42065, 8.6],
			"rotation": {"angle": 45, "axis": "z", "origin": [5.25, 4.625, 8.5]},
			"faces": {
				"north": {"uv": [0, 14.5, 1, 15.5], "texture": "#0"},
				"east": {"uv": [0, 14.5, 1, 15.5], "texture": "#0"},
				"south": {"uv": [0, 14.5, 1, 15.5], "texture": "#0"},
				"west": {"uv": [0, 14.5, 1, 15.5], "texture": "#0"},
				"up": {"uv": [0, 14.5, 1, 15.5], "texture": "#0"},
				"down": {"uv": [0, 14.5, 1, 15.5], "texture": "#0"}
			}
		},
		{
			"name": "hexadecagon",
			"from": [4.45435, 0.625, 6.7],
			"to": [6.04565, 1.625, 8.6],
			"rotation": {"angle": -22.5, "axis": "z", "origin": [5.25, 4.625, 8.5]},
			"faces": {
				"north": {"uv": [0, 14.5, 1, 15.5], "texture": "#0"},
				"east": {"uv": [0, 14.5, 1, 15.5], "texture": "#0"},
				"south": {"uv": [0, 14.5, 1, 15.5], "texture": "#0"},
				"west": {"uv": [0, 14.5, 1, 15.5], "texture": "#0"},
				"up": {"uv": [0, 14.5, 1, 15.5], "texture": "#0"},
				"down": {"uv": [0, 14.5, 1, 15.5], "texture": "#0"}
			}
		},
		{
			"name": "hexadecagon",
			"from": [4.45435, 0.625, 6.7],
			"to": [13.44565, 1.625, 8.6],
			"rotation": {"angle": 0, "axis": "x", "origin": [12.65, 4.625, 8.5]},
			"faces": {
				"north": {"uv": [0, 14.5, 1, 15.5], "texture": "#0"},
				"east": {"uv": [0, 14.5, 1, 15.5], "texture": "#0"},
				"south": {"uv": [0, 14.5, 1, 15.5], "texture": "#0"},
				"west": {"uv": [0, 14.5, 1, 15.5], "texture": "#0"},
				"up": {"uv": [0, 14.5, 1, 15.5], "texture": "#0"},
				"down": {"uv": [0, 14.5, 1, 15.5], "texture": "#0"}
			}
		},
		{
			"name": "hexadecagon",
			"from": [11.85435, 0.625, 6.7],
			"to": [13.44565, 1.625, 8.6],
			"rotation": {"angle": 22.5, "axis": "z", "origin": [12.65, 4.625, 8.5]},
			"faces": {
				"north": {"uv": [0, 14.5, 1, 15.5], "texture": "#0"},
				"east": {"uv": [0, 14.5, 1, 15.5], "texture": "#0"},
				"south": {"uv": [0, 14.5, 1, 15.5], "texture": "#0"},
				"west": {"uv": [0, 14.5, 1, 15.5], "texture": "#0"},
				"up": {"uv": [0, 14.5, 1, 15.5], "texture": "#0"},
				"down": {"uv": [0, 14.5, 1, 15.5], "texture": "#0"}
			}
		},
		{
			"name": "hexadecagon",
			"from": [11.85435, 28.825, 6.7],
			"to": [13.44565, 29.825, 8.6],
			"rotation": {"angle": -22.5, "axis": "z", "origin": [12.65, 25.825, 8.5]},
			"faces": {
				"north": {"uv": [0, 14.5, 1, 15.5], "texture": "#0"},
				"east": {"uv": [0, 14.5, 1, 15.5], "texture": "#0"},
				"south": {"uv": [0, 14.5, 1, 15.5], "texture": "#0"},
				"west": {"uv": [0, 14.5, 1, 15.5], "texture": "#0"},
				"up": {"uv": [0, 14.5, 1, 15.5], "texture": "#0"},
				"down": {"uv": [0, 14.5, 1, 15.5], "texture": "#0"}
			}
		},
		{
			"name": "hexadecagon",
			"from": [4.45435, 20.725, 6.7],
			"to": [13.44565, 21.725, 8.6],
			"rotation": {"angle": 0, "axis": "x", "origin": [12.65, 17.725, 8.5]},
			"faces": {
				"north": {"uv": [0, 14.5, 1, 15.5], "texture": "#0"},
				"east": {"uv": [0, 14.5, 1, 15.5], "texture": "#0"},
				"south": {"uv": [0, 14.5, 1, 15.5], "texture": "#0"},
				"west": {"uv": [0, 14.5, 1, 15.5], "texture": "#0"},
				"up": {"uv": [0, 14.5, 1, 15.5], "texture": "#0"},
				"down": {"uv": [0, 14.5, 1, 15.5], "texture": "#0"}
			}
		},
		{
			"name": "hexadecagon",
			"from": [4.45435, 25.125, 6.7],
			"to": [13.44565, 26.125, 8.6],
			"rotation": {"angle": 0, "axis": "x", "origin": [12.65, 22.125, 8.5]},
			"faces": {
				"north": {"uv": [0, 14.5, 1, 15.5], "texture": "#0"},
				"east": {"uv": [0, 14.5, 1, 15.5], "texture": "#0"},
				"south": {"uv": [0, 14.5, 1, 15.5], "texture": "#0"},
				"west": {"uv": [0, 14.5, 1, 15.5], "texture": "#0"},
				"up": {"uv": [0, 14.5, 1, 15.5], "texture": "#0"},
				"down": {"uv": [0, 14.5, 1, 15.5], "texture": "#0"}
			}
		},
		{
			"name": "hexadecagon",
			"from": [4.45435, 21.55, 7.175],
			"to": [13.44565, 26.125, 8.175],
			"rotation": {"angle": 0, "axis": "x", "origin": [12.65, 22.125, 8.5]},
			"faces": {
				"north": {"uv": [15.75, 0, 16, 0.25], "texture": "#0"},
				"east": {"uv": [15.75, 0, 16, 0.25], "texture": "#0"},
				"south": {"uv": [15.75, 0, 16, 0.25], "texture": "#0"},
				"west": {"uv": [15.75, 0, 16, 0.25], "texture": "#0"},
				"up": {"uv": [15.75, 0, 16, 0.25], "texture": "#0"},
				"down": {"uv": [15.75, 0, 16, 0.25], "texture": "#0"}
			}
		},
		{
			"name": "hexadecagon",
			"from": [13.42935, 20.725, 6.7],
			"to": [14.42065, 26.125, 8.6],
			"rotation": {"angle": 0, "axis": "x", "origin": [13.625, 22.125, 8.5]},
			"faces": {
				"north": {"uv": [0, 14.5, 1, 15.5], "texture": "#0"},
				"east": {"uv": [0, 14.5, 1, 15.5], "texture": "#0"},
				"south": {"uv": [0, 14.5, 1, 15.5], "texture": "#0"},
				"west": {"uv": [0, 14.5, 1, 15.5], "texture": "#0"},
				"up": {"uv": [0, 14.5, 1, 15.5], "texture": "#0"},
				"down": {"uv": [0, 14.5, 1, 15.5], "texture": "#0"}
			}
		},
		{
			"name": "hexadecagon",
			"from": [3.45435, 20.725, 6.7],
			"to": [4.44565, 26.125, 8.6],
			"rotation": {"angle": 0, "axis": "x", "origin": [3.65, 22.125, 8.5]},
			"faces": {
				"north": {"uv": [0, 14.5, 1, 15.5], "texture": "#0"},
				"east": {"uv": [0, 14.5, 1, 15.5], "texture": "#0"},
				"south": {"uv": [0, 14.5, 1, 15.5], "texture": "#0"},
				"west": {"uv": [0, 14.5, 1, 15.5], "texture": "#0"},
				"up": {"uv": [0, 14.5, 1, 15.5], "texture": "#0"},
				"down": {"uv": [0, 14.5, 1, 15.5], "texture": "#0"}
			}
		},
		{
			"name": "hexadecagon",
			"from": [3.77935, 20.825, 6.575],
			"to": [4.44565, 21.55, 7.575],
			"rotation": {"angle": 0, "axis": "x", "origin": [3.65, 22.225, 8.375]},
			"faces": {
				"north": {"uv": [13.5, 0.5, 15.75, 2.75], "texture": "#0"},
				"east": {"uv": [0, 0, 2.25, 2.25], "texture": "#0"},
				"south": {"uv": [0, 0, 2.25, 2.25], "texture": "#0"},
				"west": {"uv": [0, 0, 2.25, 2.25], "texture": "#0"},
				"up": {"uv": [0, 0, 2.25, 2.25], "texture": "#0"},
				"down": {"uv": [0, 0, 2.25, 2.25], "texture": "#0"}
			}
		},
		{
			"name": "hexadecagon",
			"from": [3.77935, 25.325, 6.575],
			"to": [4.44565, 26.05, 7.575],
			"rotation": {"angle": 0, "axis": "x", "origin": [3.65, 26.725, 8.375]},
			"faces": {
				"north": {"uv": [13.5, 0.5, 15.75, 2.75], "texture": "#0"},
				"east": {"uv": [0, 0, 2.25, 2.25], "texture": "#0"},
				"south": {"uv": [0, 0, 2.25, 2.25], "texture": "#0"},
				"west": {"uv": [0, 0, 2.25, 2.25], "texture": "#0"},
				"up": {"uv": [0, 0, 2.25, 2.25], "texture": "#0"},
				"down": {"uv": [0, 0, 2.25, 2.25], "texture": "#0"}
			}
		},
		{
			"name": "hexadecagon",
			"from": [3.07935, 27.125, 6.95],
			"to": [3.74565, 27.85, 7.95],
			"rotation": {"angle": 0, "axis": "x", "origin": [2.95, 28.525, 8.75]},
			"faces": {
				"north": {"uv": [13.5, 0.5, 15.75, 2.75], "texture": "#0"},
				"east": {"uv": [0, 0, 2.25, 2.25], "texture": "#0"},
				"south": {"uv": [0, 0, 2.25, 2.25], "texture": "#0"},
				"west": {"uv": [0, 0, 2.25, 2.25], "texture": "#0"},
				"up": {"uv": [0, 0, 2.25, 2.25], "texture": "#0"},
				"down": {"uv": [0, 0, 2.25, 2.25], "texture": "#0"}
			}
		},
		{
			"name": "hexadecagon",
			"from": [3.07935, 18.725, 6.95],
			"to": [3.74565, 19.45, 7.95],
			"rotation": {"angle": 0, "axis": "x", "origin": [2.95, 20.125, 8.75]},
			"faces": {
				"north": {"uv": [13.5, 0.5, 15.75, 2.75], "texture": "#0"},
				"east": {"uv": [0, 0, 2.25, 2.25], "texture": "#0"},
				"south": {"uv": [0, 0, 2.25, 2.25], "texture": "#0"},
				"west": {"uv": [0, 0, 2.25, 2.25], "texture": "#0"},
				"up": {"uv": [0, 0, 2.25, 2.25], "texture": "#0"},
				"down": {"uv": [0, 0, 2.25, 2.25], "texture": "#0"}
			}
		},
		{
			"name": "hexadecagon",
			"from": [3.07935, 4.425, 6.95],
			"to": [3.74565, 5.15, 7.95],
			"rotation": {"angle": 0, "axis": "x", "origin": [2.95, 5.825, 8.75]},
			"faces": {
				"north": {"uv": [13.5, 0.5, 15.75, 2.75], "texture": "#0"},
				"east": {"uv": [0, 0, 2.25, 2.25], "texture": "#0"},
				"south": {"uv": [0, 0, 2.25, 2.25], "texture": "#0"},
				"west": {"uv": [0, 0, 2.25, 2.25], "texture": "#0"},
				"up": {"uv": [0, 0, 2.25, 2.25], "texture": "#0"},
				"down": {"uv": [0, 0, 2.25, 2.25], "texture": "#0"}
			}
		},
		{
			"name": "hexadecagon",
			"from": [6.07935, 2.625, 6.95],
			"to": [6.74565, 3.35, 7.95],
			"rotation": {"angle": 0, "axis": "x", "origin": [5.95, 4.025, 8.75]},
			"faces": {
				"north": {"uv": [13.5, 0.5, 15.75, 2.75], "texture": "#0"},
				"east": {"uv": [0, 0, 2.25, 2.25], "texture": "#0"},
				"south": {"uv": [0, 0, 2.25, 2.25], "texture": "#0"},
				"west": {"uv": [0, 0, 2.25, 2.25], "texture": "#0"},
				"up": {"uv": [0, 0, 2.25, 2.25], "texture": "#0"},
				"down": {"uv": [0, 0, 2.25, 2.25], "texture": "#0"}
			}
		},
		{
			"name": "hexadecagon",
			"from": [10.67935, 2.625, 6.95],
			"to": [11.34565, 3.35, 7.95],
			"rotation": {"angle": 0, "axis": "x", "origin": [10.55, 4.025, 8.75]},
			"faces": {
				"north": {"uv": [13.5, 0.5, 15.75, 2.75], "texture": "#0"},
				"east": {"uv": [0, 0, 2.25, 2.25], "texture": "#0"},
				"south": {"uv": [0, 0, 2.25, 2.25], "texture": "#0"},
				"west": {"uv": [0, 0, 2.25, 2.25], "texture": "#0"},
				"up": {"uv": [0, 0, 2.25, 2.25], "texture": "#0"},
				"down": {"uv": [0, 0, 2.25, 2.25], "texture": "#0"}
			}
		},
		{
			"name": "hexadecagon",
			"from": [5.87935, 20.825, 6.575],
			"to": [6.54565, 21.55, 7.575],
			"rotation": {"angle": 0, "axis": "x", "origin": [5.75, 22.225, 8.375]},
			"faces": {
				"north": {"uv": [13.5, 0.5, 15.75, 2.75], "texture": "#0"},
				"east": {"uv": [0, 0, 2.25, 2.25], "texture": "#0"},
				"south": {"uv": [0, 0, 2.25, 2.25], "texture": "#0"},
				"west": {"uv": [0, 0, 2.25, 2.25], "texture": "#0"},
				"up": {"uv": [0, 0, 2.25, 2.25], "texture": "#0"},
				"down": {"uv": [0, 0, 2.25, 2.25], "texture": "#0"}
			}
		},
		{
			"name": "hexadecagon",
			"from": [5.87935, 25.325, 6.575],
			"to": [6.54565, 26.05, 7.575],
			"rotation": {"angle": 0, "axis": "x", "origin": [5.75, 26.725, 8.375]},
			"faces": {
				"north": {"uv": [13.5, 0.5, 15.75, 2.75], "texture": "#0"},
				"east": {"uv": [0, 0, 2.25, 2.25], "texture": "#0"},
				"south": {"uv": [0, 0, 2.25, 2.25], "texture": "#0"},
				"west": {"uv": [0, 0, 2.25, 2.25], "texture": "#0"},
				"up": {"uv": [0, 0, 2.25, 2.25], "texture": "#0"},
				"down": {"uv": [0, 0, 2.25, 2.25], "texture": "#0"}
			}
		},
		{
			"name": "hexadecagon",
			"from": [13.57935, 20.825, 6.575],
			"to": [14.24565, 21.55, 7.575],
			"rotation": {"angle": 0, "axis": "x", "origin": [13.45, 22.225, 8.375]},
			"faces": {
				"north": {"uv": [13.5, 0.5, 15.75, 2.75], "texture": "#0"},
				"east": {"uv": [0, 0, 2.25, 2.25], "texture": "#0"},
				"south": {"uv": [0, 0, 2.25, 2.25], "texture": "#0"},
				"west": {"uv": [0, 0, 2.25, 2.25], "texture": "#0"},
				"up": {"uv": [0, 0, 2.25, 2.25], "texture": "#0"},
				"down": {"uv": [0, 0, 2.25, 2.25], "texture": "#0"}
			}
		},
		{
			"name": "hexadecagon",
			"from": [13.57935, 25.325, 6.575],
			"to": [14.24565, 26.05, 7.575],
			"rotation": {"angle": 0, "axis": "x", "origin": [13.45, 26.725, 8.375]},
			"faces": {
				"north": {"uv": [13.5, 0.5, 15.75, 2.75], "texture": "#0"},
				"east": {"uv": [0, 0, 2.25, 2.25], "texture": "#0"},
				"south": {"uv": [0, 0, 2.25, 2.25], "texture": "#0"},
				"west": {"uv": [0, 0, 2.25, 2.25], "texture": "#0"},
				"up": {"uv": [0, 0, 2.25, 2.25], "texture": "#0"},
				"down": {"uv": [0, 0, 2.25, 2.25], "texture": "#0"}
			}
		},
		{
			"name": "hexadecagon",
			"from": [14.07935, 27.125, 6.95],
			"to": [14.74565, 27.85, 7.95],
			"rotation": {"angle": 0, "axis": "x", "origin": [13.95, 28.525, 8.75]},
			"faces": {
				"north": {"uv": [13.5, 0.5, 15.75, 2.75], "texture": "#0"},
				"east": {"uv": [0, 0, 2.25, 2.25], "texture": "#0"},
				"south": {"uv": [0, 0, 2.25, 2.25], "texture": "#0"},
				"west": {"uv": [0, 0, 2.25, 2.25], "texture": "#0"},
				"up": {"uv": [0, 0, 2.25, 2.25], "texture": "#0"},
				"down": {"uv": [0, 0, 2.25, 2.25], "texture": "#0"}
			}
		},
		{
			"name": "hexadecagon",
			"from": [14.07935, 18.725, 6.95],
			"to": [14.74565, 19.45, 7.95],
			"rotation": {"angle": 0, "axis": "x", "origin": [13.95, 20.125, 8.75]},
			"faces": {
				"north": {"uv": [13.5, 0.5, 15.75, 2.75], "texture": "#0"},
				"east": {"uv": [0, 0, 2.25, 2.25], "texture": "#0"},
				"south": {"uv": [0, 0, 2.25, 2.25], "texture": "#0"},
				"west": {"uv": [0, 0, 2.25, 2.25], "texture": "#0"},
				"up": {"uv": [0, 0, 2.25, 2.25], "texture": "#0"},
				"down": {"uv": [0, 0, 2.25, 2.25], "texture": "#0"}
			}
		},
		{
			"name": "hexadecagon",
			"from": [14.07935, 4.425, 6.95],
			"to": [14.74565, 5.15, 7.95],
			"rotation": {"angle": 0, "axis": "x", "origin": [13.95, 5.825, 8.75]},
			"faces": {
				"north": {"uv": [13.5, 0.5, 15.75, 2.75], "texture": "#0"},
				"east": {"uv": [0, 0, 2.25, 2.25], "texture": "#0"},
				"south": {"uv": [0, 0, 2.25, 2.25], "texture": "#0"},
				"west": {"uv": [0, 0, 2.25, 2.25], "texture": "#0"},
				"up": {"uv": [0, 0, 2.25, 2.25], "texture": "#0"},
				"down": {"uv": [0, 0, 2.25, 2.25], "texture": "#0"}
			}
		},
		{
			"name": "hexadecagon",
			"from": [11.25435, 20.825, 6.575],
			"to": [11.92065, 21.55, 7.575],
			"rotation": {"angle": 0, "axis": "x", "origin": [11.125, 22.225, 8.375]},
			"faces": {
				"north": {"uv": [13.5, 0.5, 15.75, 2.75], "texture": "#0"},
				"east": {"uv": [0, 0, 2.25, 2.25], "texture": "#0"},
				"south": {"uv": [0, 0, 2.25, 2.25], "texture": "#0"},
				"west": {"uv": [0, 0, 2.25, 2.25], "texture": "#0"},
				"up": {"uv": [0, 0, 2.25, 2.25], "texture": "#0"},
				"down": {"uv": [0, 0, 2.25, 2.25], "texture": "#0"}
			}
		},
		{
			"name": "hexadecagon",
			"from": [11.25435, 25.325, 6.575],
			"to": [11.92065, 26.05, 7.575],
			"rotation": {"angle": 0, "axis": "x", "origin": [11.125, 26.725, 8.375]},
			"faces": {
				"north": {"uv": [13.5, 0.5, 15.75, 2.75], "texture": "#0"},
				"east": {"uv": [0, 0, 2.25, 2.25], "texture": "#0"},
				"south": {"uv": [0, 0, 2.25, 2.25], "texture": "#0"},
				"west": {"uv": [0, 0, 2.25, 2.25], "texture": "#0"},
				"up": {"uv": [0, 0, 2.25, 2.25], "texture": "#0"},
				"down": {"uv": [0, 0, 2.25, 2.25], "texture": "#0"}
			}
		},
		{
			"name": "hexadecagon",
			"from": [8.47935, 20.825, 6.575],
			"to": [9.14565, 21.55, 7.575],
			"rotation": {"angle": 0, "axis": "x", "origin": [8.35, 22.225, 8.375]},
			"faces": {
				"north": {"uv": [13.5, 0.5, 15.75, 2.75], "texture": "#0"},
				"east": {"uv": [0, 0, 2.25, 2.25], "texture": "#0"},
				"south": {"uv": [0, 0, 2.25, 2.25], "texture": "#0"},
				"west": {"uv": [0, 0, 2.25, 2.25], "texture": "#0"},
				"up": {"uv": [0, 0, 2.25, 2.25], "texture": "#0"},
				"down": {"uv": [0, 0, 2.25, 2.25], "texture": "#0"}
			}
		},
		{
			"name": "hexadecagon",
			"from": [8.47935, 25.325, 6.575],
			"to": [9.14565, 26.05, 7.575],
			"rotation": {"angle": 0, "axis": "x", "origin": [8.35, 26.725, 8.375]},
			"faces": {
				"north": {"uv": [13.5, 0.5, 15.75, 2.75], "texture": "#0"},
				"east": {"uv": [0, 0, 2.25, 2.25], "texture": "#0"},
				"south": {"uv": [0, 0, 2.25, 2.25], "texture": "#0"},
				"west": {"uv": [0, 0, 2.25, 2.25], "texture": "#0"},
				"up": {"uv": [0, 0, 2.25, 2.25], "texture": "#0"},
				"down": {"uv": [0, 0, 2.25, 2.25], "texture": "#0"}
			}
		},
		{
			"name": "hexadecagon",
			"from": [4.45435, 28.825, 6.7],
			"to": [13.44565, 29.825, 8.6],
			"rotation": {"angle": 0, "axis": "x", "origin": [12.65, 25.825, 8.5]},
			"faces": {
				"north": {"uv": [0, 14.5, 1, 15.5], "texture": "#0"},
				"east": {"uv": [0, 14.5, 1, 15.5], "texture": "#0"},
				"south": {"uv": [0, 14.5, 1, 15.5], "texture": "#0"},
				"west": {"uv": [0, 14.5, 1, 15.5], "texture": "#0"},
				"up": {"uv": [0, 14.5, 1, 15.5], "texture": "#0"},
				"down": {"uv": [0, 14.5, 1, 15.5], "texture": "#0"}
			}
		},
		{
			"name": "hexadecagon",
			"from": [3.02935, 27.875, 7],
			"to": [14.87065, 28.875, 8.425],
			"rotation": {"angle": 0, "axis": "x", "origin": [12.65, 24.875, 8.5]},
			"faces": {
				"north": {"uv": [1, 11, 2, 12], "texture": "#0"},
				"east": {"uv": [1, 11, 2, 12], "texture": "#0"},
				"south": {"uv": [1, 11, 2, 12], "texture": "#0"},
				"west": {"uv": [1, 11, 2, 12], "texture": "#0"},
				"up": {"uv": [1, 11, 2, 12], "texture": "#0"},
				"down": {"uv": [1, 11, 2, 12], "texture": "#0"}
			}
		},
		{
			"name": "hexadecagon",
			"from": [3.02935, 1.575, 7],
			"to": [14.87065, 2.575, 8.425],
			"rotation": {"angle": 0, "axis": "x", "origin": [12.65, -1.425, 8.5]},
			"faces": {
				"north": {"uv": [1, 11, 2, 12], "texture": "#0"},
				"east": {"uv": [1, 11, 2, 12], "texture": "#0"},
				"south": {"uv": [1, 11, 2, 12], "texture": "#0"},
				"west": {"uv": [1, 11, 2, 12], "texture": "#0"},
				"up": {"uv": [1, 11, 2, 12], "texture": "#0"},
				"down": {"uv": [1, 11, 2, 12], "texture": "#0"}
			}
		},
		{
			"name": "hexadecagon",
			"from": [2.175, 2.12935, 7],
			"to": [15.65, 21.24565, 8.425],
			"rotation": {"angle": 0, "axis": "z", "origin": [18.65, 11.75, 8.5]},
			"faces": {
				"north": {"uv": [1, 11, 2, 12], "rotation": 90, "texture": "#0"},
				"east": {"uv": [1, 11, 2, 12], "rotation": 270, "texture": "#0"},
				"south": {"uv": [1, 11, 2, 12], "rotation": 270, "texture": "#0"},
				"west": {"uv": [1, 11, 2, 12], "rotation": 270, "texture": "#0"},
				"up": {"uv": [1, 11, 2, 12], "rotation": 270, "texture": "#0"},
				"down": {"uv": [1, 11, 2, 12], "rotation": 270, "texture": "#0"}
			}
		},
		{
			"name": "hexadecagon",
			"from": [2.175, 25.47935, 7],
			"to": [15.65, 28.07065, 8.425],
			"rotation": {"angle": 0, "axis": "z", "origin": [18.65, 18.575, 8.5]},
			"faces": {
				"north": {"uv": [1, 11, 2, 12], "rotation": 90, "texture": "#0"},
				"east": {"uv": [1, 11, 2, 12], "rotation": 270, "texture": "#0"},
				"south": {"uv": [1, 11, 2, 12], "rotation": 270, "texture": "#0"},
				"west": {"uv": [1, 11, 2, 12], "rotation": 270, "texture": "#0"},
				"up": {"uv": [1, 11, 2, 12], "rotation": 270, "texture": "#0"},
				"down": {"uv": [1, 11, 2, 12], "rotation": 270, "texture": "#0"}
			}
		},
		{
			"name": "hexadecagon",
			"from": [13.45, 21.15435, 7],
			"to": [15.65, 25.47935, 8.425],
			"rotation": {"angle": 0, "axis": "z", "origin": [18.65, 15.925, 8.5]},
			"faces": {
				"north": {"uv": [1, 11, 2, 12], "rotation": 90, "texture": "#0"},
				"east": {"uv": [1, 11, 2, 12], "rotation": 270, "texture": "#0"},
				"south": {"uv": [1, 11, 2, 12], "rotation": 270, "texture": "#0"},
				"west": {"uv": [1, 11, 2, 12], "rotation": 270, "texture": "#0"},
				"up": {"uv": [1, 11, 2, 12], "rotation": 270, "texture": "#0"},
				"down": {"uv": [1, 11, 2, 12], "rotation": 270, "texture": "#0"}
			}
		},
		{
			"name": "hexadecagon",
			"from": [2.175, 21.15435, 7],
			"to": [4.375, 25.47935, 8.425],
			"rotation": {"angle": 0, "axis": "z", "origin": [7.375, 15.925, 8.5]},
			"faces": {
				"north": {"uv": [1, 11, 2, 12], "rotation": 90, "texture": "#0"},
				"east": {"uv": [1, 11, 2, 12], "rotation": 270, "texture": "#0"},
				"south": {"uv": [1, 11, 2, 12], "rotation": 270, "texture": "#0"},
				"west": {"uv": [1, 11, 2, 12], "rotation": 270, "texture": "#0"},
				"up": {"uv": [1, 11, 2, 12], "rotation": 270, "texture": "#0"},
				"down": {"uv": [1, 11, 2, 12], "rotation": 270, "texture": "#0"}
			}
		},
		{
			"name": "hexadecagon",
			"from": [4.45435, 28.825, 6.7],
			"to": [6.04565, 29.825, 8.6],
			"rotation": {"angle": 22.5, "axis": "z", "origin": [5.25, 25.825, 8.5]},
			"faces": {
				"north": {"uv": [0, 14.5, 1, 15.5], "texture": "#0"},
				"east": {"uv": [0, 14.5, 1, 15.5], "texture": "#0"},
				"south": {"uv": [0, 14.5, 1, 15.5], "texture": "#0"},
				"west": {"uv": [0, 14.5, 1, 15.5], "texture": "#0"},
				"up": {"uv": [0, 14.5, 1, 15.5], "texture": "#0"},
				"down": {"uv": [0, 14.5, 1, 15.5], "texture": "#0"}
			}
		}
	],
	"display": {
		"thirdperson_righthand": {
			"rotation": [0, -90, 0],
			"translation": [2.75, -9, -1]
		},
		"thirdperson_lefthand": {
			"rotation": [0, -90, 0],
			"translation": [2.75, -9, 2.75]
		},
		"firstperson_righthand": {
			"rotation": [0, -10, 0],
			"translation": [-1.5, -9.75, 2.75],
			"scale": [0.83, 0.83, 0.83]
		},
		"firstperson_lefthand": {
			"rotation": [0, -10, 0],
			"translation": [-1.5, -9.75, 2.75],
			"scale": [0.83, 0.83, 0.83]
		},
		"ground": {
			"scale": [0.24, 0.24, 0.24]
		},
		"gui": {
			"rotation": [-11, 139, 38],
			"translation": [-1.75, -3.75, 0],
			"scale": [0.55, 0.55, 0.55]
		},
		"fixed": {
			"translation": [-1, -6.25, -1.5]
		}
	},
	"groups": [
		{
			"name": "hexadecagon",
			"origin": [8, 8, 8],
			"color": 0,
			"children": [0, 1, 2, 3, 4, 5, 6, 7, 8, 9, 10, 11, 12, 13, 14, 15, 16, 17, 18, 19, 20, 21, 22, 23, 24, 25, 26, 27, 28, 29, 30, 31, 32, 33, 34, 35, 36, 37, 38, 39, 40, 41, 42, 43, 44, 45, 46, 47, 48, 49, 50]
		}
	]
}