{
	"credit": "Made with Blockbench",
	"textures": {
		"0": "./javelin",
		"1": "./jave_screen",
		"particle": "./javelin"
	},
	"elements": [
		{
			"from": [6, 0, -9.15],
			"to": [11, 5, 16],
			"faces": {
				"north": {"uv": [0, 9, 5, 14], "texture": "#0"},
				"east": {"uv": [0, 0, 7.975, 1.925], "texture": "#0"},
				"south": {"uv": [0, 0, 7, 5], "texture": "#0"},
				"west": {"uv": [0, 0, 7.975, 1.925], "texture": "#0"},
				"up": {"uv": [0, 0, 1.975, 8.05], "texture": "#0"},
				"down": {"uv": [0, 0, 1.975, 8.05], "texture": "#0"}
			}
		},
		{
			"from": [5.5, -0.5, 14],
			"to": [11.5, 5.5, 16.5],
			"faces": {
				"north": {"uv": [10, 10, 13, 13], "texture": "#0"},
				"east": {"uv": [10, 10, 9.5, 13], "texture": "#0"},
				"south": {"uv": [10, 10, 13, 13], "texture": "#0"},
				"west": {"uv": [10, 10, 9.5, 13], "texture": "#0"},
				"up": {"uv": [10, 10, 13, 10.5], "texture": "#0"},
				"down": {"uv": [10, 10, 13, 10.5], "texture": "#0"}
			}
		},
		{
			"from": [6, 0, 16],
			"to": [11, 5, 17],
			"faces": {
				"north": {"uv": [0, 8, 5, 13], "texture": "#0"},
				"east": {"uv": [0, 8, 1, 13], "texture": "#0"},
				"south": {"uv": [0, 8, 5, 13], "texture": "#0"},
				"west": {"uv": [0, 8, 1, 13], "texture": "#0"},
				"up": {"uv": [0, 8, 5, 9], "texture": "#0"},
				"down": {"uv": [0, 8, 5, 9], "texture": "#0"}
			}
		},
		{
			"from": [1, 2.5, 0.9],
			"to": [2.6, 3.35, 3],
			"rotation": {"angle": -22.5, "axis": "x", "origin": [-1.2, 0, 0]},
			"faces": {
				"north": {"uv": [13, 10, 13.95, 10.35], "texture": "#0"},
				"east": {"uv": [13, 10, 13.35, 10.35], "texture": "#0"},
				"south": {"uv": [13, 10, 13.95, 10.35], "texture": "#0"},
				"west": {"uv": [13, 10, 13.35, 10.35], "texture": "#0"},
				"up": {"uv": [13, 10, 13.95, 10.6], "texture": "#0"},
				"down": {"uv": [13, 10, 13.95, 10.6], "texture": "#0"}
			}
		},
		{
			"from": [1.1, 3.8, 1],
			"to": [6.1, 4.1, 3.4],
			"rotation": {"angle": 0, "axis": "y", "origin": [-1.2, 0, 0]},
			"faces": {
				"north": {"uv": [0, 0, 5, 0.3], "texture": "#0"},
				"east": {"uv": [0, 0, 2.4, 0.3], "texture": "#0"},
				"south": {"uv": [0, 0, 5, 0.3], "texture": "#0"},
				"west": {"uv": [0, 0, 2.4, 0.3], "texture": "#0"},
				"up": {"uv": [0, 0, 5, 2.4], "texture": "#0"},
				"down": {"uv": [0, 0, 5, 2.4], "texture": "#0"}
			}
		},
		{
			"from": [2.9, 3.5, -2],
			"to": [4.5, 3.8, 1],
			"rotation": {"angle": 0, "axis": "y", "origin": [-1.2, 0, 0]},
			"faces": {
				"north": {"uv": [12, 2.075, 13.875, 2.925], "texture": "#0"},
				"east": {"uv": [11.375, 2.025, 15, 2.975], "texture": "#0"},
				"south": {"uv": [12, 2, 14, 2.95], "texture": "#0"},
				"west": {"uv": [12, 2, 15.625, 2.85], "texture": "#0"},
				"up": {"uv": [12, 2, 14, 5.65], "texture": "#0"},
				"down": {"uv": [12, 2.05, 14, 6.025], "texture": "#0"}
			}
		},
		{
			"from": [1.2, 0, -0.2],
			"to": [2.6, 2.85, 0.3],
			"rotation": {"angle": 0, "axis": "y", "origin": [-1.2, 0, 0]},
			"faces": {
				"north": {"uv": [0, 0, 1.4, 2.85], "texture": "#0"},
				"east": {"uv": [0, 0, 0.5, 2.85], "texture": "#0"},
				"south": {"uv": [0, 0, 2.85, 1.4], "rotation": 90, "texture": "#0"},
				"west": {"uv": [0, 0, 0.5, 2.85], "texture": "#0"},
				"up": {"uv": [0, 0, 1.4, 0.5], "texture": "#0"},
				"down": {"uv": [0, 0, 1.4, 0.5], "texture": "#0"}
			}
		},
		{
			"from": [4.5, 2, -2],
			"to": [4.8, 3.5, 0.2],
			"faces": {
				"north": {"uv": [12, 2, 14, 2.95], "rotation": 90, "texture": "#0"},
				"east": {"uv": [12.05, 2.35, 14.025, 5], "rotation": 270, "texture": "#0"},
				"south": {"uv": [12, 2, 14, 2.95], "rotation": 270, "texture": "#0"},
				"west": {"uv": [12, 2, 14, 4.85], "rotation": 270, "texture": "#0"},
				"up": {"uv": [12.375, 2.1, 14.975, 3.05], "rotation": 270, "texture": "#0"},
				"down": {"uv": [12, 2, 14.65, 2.95], "rotation": 270, "texture": "#0"}
			}
		},
		{
			"from": [4.9, -1.1, -8.95],
			"to": [12.1, 6.1, -7],
			"faces": {
				"north": {"uv": [8, 8.025, 12.975, 13], "texture": "#0"},
				"east": {"uv": [8.025, 8.025, 8.9, 13], "texture": "#0"},
				"south": {"uv": [8.025, 8.025, 13, 13], "texture": "#0"},
				"west": {"uv": [8.025, 8.025, 8.9, 13], "texture": "#0"},
				"up": {"uv": [8.025, 8.025, 13, 8.9], "texture": "#0"},
				"down": {"uv": [8.025, 8.025, 13, 8.9], "texture": "#0"}
			}
		},
		{
			"from": [5.35, -0.575, -10.1],
			"to": [6.175, 5.65, -8.95],
			"faces": {
				"north": {"uv": [10, 10, 11, 11], "texture": "#0"},
				"east": {"uv": [10, 10, 11, 11], "texture": "#0"},
				"south": {"uv": [10, 10, 11, 11], "texture": "#0"},
				"west": {"uv": [10, 10, 11, 11], "texture": "#0"},
				"up": {"uv": [10, 10, 11, 11], "texture": "#0"},
				"down": {"uv": [10, 10, 11, 11], "texture": "#0"}
			}
		},
		{
			"from": [10.6, -0.575, -10.1],
			"to": [11.425, 5.65, -8.975],
			"faces": {
				"north": {"uv": [10, 10, 11, 11], "texture": "#0"},
				"east": {"uv": [10, 10, 11, 11], "texture": "#0"},
				"south": {"uv": [10, 10, 11, 11], "texture": "#0"},
				"west": {"uv": [10, 10, 11, 11], "texture": "#0"},
				"up": {"uv": [10, 10, 11, 11], "texture": "#0"},
				"down": {"uv": [10, 10, 11, 11], "texture": "#0"}
			}
		},
		{
			"from": [6.175, -0.575, -10.1],
			"to": [10.6, 0.25, -8.975],
			"rotation": {"angle": 0, "axis": "z", "origin": [5.7625, 2.5375, -9.55]},
			"faces": {
				"north": {"uv": [10, 10, 11, 11], "rotation": 90, "texture": "#0"},
				"east": {"uv": [10, 10, 11, 11], "rotation": 270, "texture": "#0"},
				"south": {"uv": [10, 10, 11, 11], "rotation": 270, "texture": "#0"},
				"west": {"uv": [10, 10, 11, 11], "rotation": 270, "texture": "#0"},
				"up": {"uv": [10, 10, 11, 11], "rotation": 270, "texture": "#0"},
				"down": {"uv": [10, 10, 11, 11], "rotation": 270, "texture": "#0"}
			}
		},
		{
			"from": [6.175, 4.825, -10.1],
			"to": [10.6, 5.65, -8.95],
			"rotation": {"angle": 0, "axis": "y", "origin": [5.7625, 2.5375, -9.55]},
			"faces": {
				"north": {"uv": [10, 10, 11, 11], "rotation": 90, "texture": "#0"},
				"east": {"uv": [10, 10, 11, 11], "rotation": 270, "texture": "#0"},
				"south": {"uv": [10, 10, 11, 11], "rotation": 270, "texture": "#0"},
				"west": {"uv": [10, 10, 11, 11], "rotation": 270, "texture": "#0"},
				"up": {"uv": [10, 10, 11, 11], "rotation": 270, "texture": "#0"},
				"down": {"uv": [10, 10, 11, 11], "rotation": 270, "texture": "#0"}
			}
		},
		{
			"from": [8, 5, 0],
			"to": [9, 5.1, 7],
			"faces": {
				"north": {"uv": [0, 9, 1, 9.1], "texture": "#0"},
				"east": {"uv": [0, 9, 7, 9.1], "texture": "#0"},
				"south": {"uv": [0, 9, 1, 9.1], "texture": "#0"},
				"west": {"uv": [0, 9, 7, 9.1], "texture": "#0"},
				"up": {"uv": [0, 9, 1, 16], "texture": "#0"},
				"down": {"uv": [0, 0, 1, 7], "texture": "#0"}
			}
		},
		{
			"from": [2.6, 0, -0.2],
			"to": [6.2, 1.85, 0.3],
			"rotation": {"angle": 0, "axis": "y", "origin": [-1.2, 0, 0]},
			"faces": {
				"north": {"uv": [0, 0, 3.6, 1.85], "texture": "#0"},
				"east": {"uv": [0, 0, 0.5, 1.85], "texture": "#0"},
				"south": {"uv": [0, 0, 3.6, 1.85], "texture": "#0"},
				"west": {"uv": [0, 0, 0.5, 1.85], "texture": "#0"},
				"up": {"uv": [0, 0, 3.6, 0.5], "texture": "#0"},
				"down": {"uv": [0, 0, 3.6, 0.5], "texture": "#0"}
			}
		},
		{
			"from": [11, 2.1, -4.4],
			"to": [11.8, 4.5, 1.2],
			"faces": {
				"north": {"uv": [1, 10, 0.8, 9.4], "texture": "#0"},
				"east": {"uv": [1, 10, 5.6, 9.4], "texture": "#0"},
				"south": {"uv": [1, 10, 0.8, 9.4], "texture": "#0"},
				"west": {"uv": [1, 10, 5.6, 9.4], "texture": "#0"},
				"up": {"uv": [1, 10, 0.8, 12.6], "texture": "#0"},
				"down": {"uv": [1, 10, 0.8, 12.6], "texture": "#0"}
			}
		},
		{
			"from": [11, 3.3, -7.7],
			"to": [11.4, 4.1, -4],
			"faces": {
				"north": {"uv": [1, 11, 0.4, 9], "texture": "#0"},
				"east": {"uv": [1, 11, 3.7, 9], "texture": "#0"},
				"south": {"uv": [1, 11, 0.4, 9], "texture": "#0"},
				"west": {"uv": [1, 11, 3.7, 9], "texture": "#0"},
				"up": {"uv": [1, 10, 0.4, 10.7], "texture": "#0"},
				"down": {"uv": [1, 10, 0.4, 10.7], "texture": "#0"}
			}
		},
		{
			"from": [11.1, 2.4, 4],
			"to": [11.4, 3.4, 4.4],
			"faces": {
				"north": {"uv": [10, 12.75, 9.8, 12.75], "texture": "#0"},
				"east": {"uv": [10, 12.75, 9.9, 12.75], "texture": "#0"},
				"south": {"uv": [10, 12.75, 9.8, 12.75], "texture": "#0"},
				"west": {"uv": [10, 12.75, 9.9, 12.75], "texture": "#0"},
				"up": {"uv": [10, 12.5, 9.8, 12.4], "texture": "#0"},
				"down": {"uv": [10, 12.5, 9.8, 12.4], "texture": "#0"}
			}
		},
		{
			"from": [11.1, 2.4, 7],
			"to": [11.4, 3.4, 7.4],
			"faces": {
				"north": {"uv": [10, 12.75, 9.8, 12.75], "texture": "#0"},
				"east": {"uv": [10, 12.75, 9.9, 12.75], "texture": "#0"},
				"south": {"uv": [10, 12.75, 9.8, 12.75], "texture": "#0"},
				"west": {"uv": [10, 12.75, 9.9, 12.75], "texture": "#0"},
				"up": {"uv": [10, 12.5, 9.8, 12.4], "texture": "#0"},
				"down": {"uv": [10, 12.5, 9.8, 12.4], "texture": "#0"}
			}
		},
		{
			"from": [11.1, 2.1, 4.4],
			"to": [11.4, 2.5, 7],
			"faces": {
				"north": {"uv": [10, 12.5, 9.8, 12.4], "rotation": 180, "texture": "#0"},
				"east": {"uv": [10, 14.25, 9.9, 12.85], "rotation": 90, "texture": "#0"},
				"south": {"uv": [10, 12.5, 9.8, 12.4], "texture": "#0"},
				"west": {"uv": [10, 14.25, 9.9, 12.85], "rotation": 270, "texture": "#0"},
				"up": {"uv": [10, 14.25, 9.8, 12.85], "texture": "#0"},
				"down": {"uv": [10, 14.25, 9.8, 12.85], "rotation": 180, "texture": "#0"}
			}
		},
		{
			"from": [10.9, 3.4, 3.9],
			"to": [11.5, 3.8, 4.5],
			"faces": {
				"north": {"uv": [10, 12.5, 10.1, 12.4], "texture": "#0"},
				"east": {"uv": [10, 12.5, 10.1, 12.4], "texture": "#0"},
				"south": {"uv": [10, 12.5, 10.1, 12.4], "texture": "#0"},
				"west": {"uv": [10, 12.5, 10.1, 12.4], "texture": "#0"},
				"up": {"uv": [10, 12.5, 10.1, 12.6], "texture": "#0"},
				"down": {"uv": [10, 12.5, 10.1, 12.6], "texture": "#0"}
			}
		},
		{
			"from": [10.9, 3.4, 6.9],
			"to": [11.5, 3.8, 7.5],
			"faces": {
				"north": {"uv": [10, 12.5, 10.1, 12.4], "texture": "#0"},
				"east": {"uv": [10, 12.5, 10.1, 12.4], "texture": "#0"},
				"south": {"uv": [10, 12.5, 10.1, 12.4], "texture": "#0"},
				"west": {"uv": [10, 12.5, 10.1, 12.4], "texture": "#0"},
				"up": {"uv": [10, 12.5, 10.1, 12.6], "texture": "#0"},
				"down": {"uv": [10, 12.5, 10.1, 12.6], "texture": "#0"}
			}
		},
		{
			"from": [4.8, 1.8, 0],
			"to": [6, 3.8, 1],
			"faces": {
				"north": {"uv": [13.075, 11, 13.625, 10.65], "texture": "#0"},
				"east": {"uv": [13.075, 11, 13.425, 10.65], "texture": "#0"},
				"south": {"uv": [13.075, 11, 13.625, 10.65], "texture": "#0"},
				"west": {"uv": [13.075, 11, 13.425, 10.65], "texture": "#0"},
				"up": {"uv": [13.075, 10.225, 13.625, 10.425], "texture": "#0"},
				"down": {"uv": [13.075, 10.225, 13.625, 10.425], "texture": "#0"}
			}
		},
		{
			"from": [2.9, 1.7, -2],
			"to": [4.5, 2, 0.2],
			"faces": {
				"north": {"uv": [12, 2, 14, 2.95], "texture": "#0"},
				"east": {"uv": [12.325, 2.025, 15.025, 2.975], "texture": "#0"},
				"south": {"uv": [12, 2, 14.1, 2.95], "texture": "#0"},
				"west": {"uv": [12, 2, 14.65, 2.95], "texture": "#0"},
				"up": {"uv": [12, 2, 13.9, 4.825], "texture": "#0"},
				"down": {"uv": [12, 2.35, 14, 5], "texture": "#0"}
			}
		},
		{
			"from": [2.6, 2, -2],
			"to": [2.9, 3.5, 0.2],
			"faces": {
				"north": {"uv": [12, 2, 12.8, 4], "texture": "#0"},
				"east": {"uv": [12, 2, 14.7, 4], "texture": "#0"},
				"south": {"uv": [12, 2, 12.725, 4], "texture": "#0"},
				"west": {"uv": [12, 2, 14.575, 3.85], "texture": "#0"},
				"up": {"uv": [12, 2, 12.825, 4.675], "texture": "#0"},
				"down": {"uv": [12, 2.325, 12.825, 5.025], "texture": "#0"}
			}
		},
		{
			"from": [2.925, 3.8, 0.1],
			"to": [4.5, 4.1, 1],
			"rotation": {"angle": 0, "axis": "y", "origin": [-1.2, 0, 0]},
			"faces": {
				"north": {"uv": [3.425, 8.475, 3.55, 8.6], "texture": "#0"},
				"east": {"uv": [3.425, 8.475, 3.55, 8.6], "texture": "#0"},
				"south": {"uv": [3.425, 8.475, 3.55, 8.6], "texture": "#0"},
				"west": {"uv": [3.425, 8.475, 3.55, 8.6], "texture": "#0"},
				"up": {"uv": [3.425, 8.475, 3.55, 8.6], "texture": "#0"},
				"down": {"uv": [3.425, 8.475, 3.55, 8.6], "texture": "#0"}
			}
		},
		{
			"from": [3.4, 3.8, -0.8],
			"to": [4, 4.1, 0.1],
			"rotation": {"angle": 0, "axis": "y", "origin": [-1.2, 0, 0]},
			"faces": {
				"north": {"uv": [3.425, 8.475, 3.55, 8.6], "texture": "#0"},
				"east": {"uv": [3.425, 8.475, 3.55, 8.6], "texture": "#0"},
				"south": {"uv": [3.425, 8.475, 3.55, 8.6], "texture": "#0"},
				"west": {"uv": [3.425, 8.475, 3.55, 8.6], "texture": "#0"},
				"up": {"uv": [3.425, 8.475, 3.55, 8.6], "texture": "#0"},
				"down": {"uv": [3.425, 8.475, 3.55, 8.6], "texture": "#0"}
			}
		},
		{
			"from": [4.5, 3.5, 0.2],
			"to": [4.8, 3.9, 1],
			"rotation": {"angle": 0, "axis": "y", "origin": [-1.2, 0, 0]},
			"faces": {
				"north": {"uv": [3.425, 8.475, 3.55, 8.6], "texture": "#0"},
				"east": {"uv": [3.425, 8.475, 3.55, 8.6], "texture": "#0"},
				"south": {"uv": [3.425, 8.475, 3.55, 8.6], "texture": "#0"},
				"west": {"uv": [3.425, 8.475, 3.55, 8.6], "texture": "#0"},
				"up": {"uv": [3.425, 8.475, 3.55, 8.6], "texture": "#0"},
				"down": {"uv": [3.425, 8.475, 3.55, 8.6], "texture": "#0"}
			}
		},
		{
			"from": [2.6, 3.5, 0.2],
			"to": [2.9, 3.9, 1],
			"rotation": {"angle": 0, "axis": "y", "origin": [-1.2, 0, 0]},
			"faces": {
				"north": {"uv": [3.425, 8.475, 3.55, 8.6], "texture": "#0"},
				"east": {"uv": [3.425, 8.475, 3.55, 8.6], "texture": "#0"},
				"south": {"uv": [3.425, 8.475, 3.55, 8.6], "texture": "#0"},
				"west": {"uv": [3.425, 8.475, 3.55, 8.6], "texture": "#0"},
				"up": {"uv": [3.425, 8.475, 3.55, 8.6], "texture": "#0"},
				"down": {"uv": [3.425, 8.475, 3.55, 8.6], "texture": "#0"}
			}
		},
		{
			"from": [2.9, 3.8, 0.2],
			"to": [3.1, 3.9, 0.9],
			"rotation": {"angle": 0, "axis": "y", "origin": [-1.2, 0, 0]},
			"color": 5,
			"faces": {
				"north": {"uv": [0, 0, 0.2, 0.1], "texture": "#missing"},
				"east": {"uv": [0, 0, 0.7, 0.1], "texture": "#missing"},
				"south": {"uv": [0, 0, 0.2, 0.1], "texture": "#missing"},
				"west": {"uv": [0, 0, 0.7, 0.1], "texture": "#missing"},
				"up": {"uv": [0, 0, 0.2, 0.7], "texture": "#missing"},
				"down": {"uv": [0, 0, 0.2, 0.7], "texture": "#missing"}
			}
		},
		{
			"from": [2.6, 1.8, 0.2],
			"to": [4.8, 2, 0.4],
			"faces": {
				"north": {"uv": [10, 11, 12, 11.2], "texture": "#0"},
				"east": {"uv": [10, 11, 10, 11.2], "texture": "#0"},
				"south": {"uv": [10, 11, 12, 11.2], "texture": "#0"},
				"west": {"uv": [10, 11, 10, 11.2], "texture": "#0"},
				"up": {"uv": [10, 11, 12, 11.2], "texture": "#0"},
				"down": {"uv": [10, 11, 12, 11.2], "texture": "#0"}
			}
		},
		{
			"from": [5.9, 0.1, 12],
			"to": [7, 1.1, 13],
			"faces": {
				"north": {"uv": [12.075, 2.2, 12.725, 2.85], "texture": "#0"},
				"east": {"uv": [12.075, 2.2, 12.625, 2.85], "texture": "#0"},
				"south": {"uv": [12.075, 2.2, 12.725, 2.85], "texture": "#0"},
				"west": {"uv": [12.075, 2.2, 12.625, 2.85], "texture": "#0"},
				"up": {"uv": [12.075, 2.2, 12.725, 2.85], "texture": "#0"},
				"down": {"uv": [12.075, 2.2, 12.725, 2.85], "texture": "#0"}
			}
		},
		{
			"from": [5.9, 3.9, 12],
			"to": [7, 4.9, 13],
			"faces": {
				"north": {"uv": [12.075, 2.2, 12.725, 2.85], "texture": "#0"},
				"east": {"uv": [12.075, 2.2, 12.625, 2.85], "texture": "#0"},
				"south": {"uv": [12.075, 2.2, 12.725, 2.85], "texture": "#0"},
				"west": {"uv": [12.075, 2.2, 12.625, 2.85], "texture": "#0"},
				"up": {"uv": [12.075, 2.2, 12.725, 2.85], "texture": "#0"},
				"down": {"uv": [12.075, 2.2, 12.725, 2.85], "texture": "#0"}
			}
		},
		{
			"from": [5.9, 2, 12],
			"to": [7, 3, 13],
			"faces": {
				"north": {"uv": [12.075, 2.2, 12.725, 2.85], "texture": "#0"},
				"east": {"uv": [12.075, 2.2, 12.625, 2.85], "texture": "#0"},
				"south": {"uv": [12.075, 2.2, 12.725, 2.85], "texture": "#0"},
				"west": {"uv": [12.075, 2.2, 12.625, 2.85], "texture": "#0"},
				"up": {"uv": [12.075, 2.2, 12.725, 2.85], "texture": "#0"},
				"down": {"uv": [12.075, 2.2, 12.725, 2.85], "texture": "#0"}
			}
		},
		{
			"from": [6.1, 4.1, 12],
			"to": [7.2, 5.1, 13],
			"faces": {
				"north": {"uv": [12.075, 2.2, 12.725, 2.85], "texture": "#0"},
				"east": {"uv": [12.075, 2.2, 12.625, 2.85], "texture": "#0"},
				"south": {"uv": [12.075, 2.2, 12.725, 2.85], "texture": "#0"},
				"west": {"uv": [12.075, 2.2, 12.625, 2.85], "texture": "#0"},
				"up": {"uv": [12.075, 2.2, 12.725, 2.85], "texture": "#0"},
				"down": {"uv": [12.075, 2.2, 12.725, 2.85], "texture": "#0"}
			}
		},
		{
			"from": [9.8, 4.1, 12],
			"to": [10.9, 5.1, 13],
			"faces": {
				"north": {"uv": [12.075, 2.2, 12.725, 2.85], "texture": "#0"},
				"east": {"uv": [12.075, 2.2, 12.625, 2.85], "texture": "#0"},
				"south": {"uv": [12.075, 2.2, 12.725, 2.85], "texture": "#0"},
				"west": {"uv": [12.075, 2.2, 12.625, 2.85], "texture": "#0"},
				"up": {"uv": [12.075, 2.2, 12.725, 2.85], "texture": "#0"},
				"down": {"uv": [12.075, 2.2, 12.725, 2.85], "texture": "#0"}
			}
		},
		{
			"from": [8, 4.1, 12],
			"to": [9.1, 5.1, 13],
			"faces": {
				"north": {"uv": [12.075, 2.2, 12.725, 2.85], "texture": "#0"},
				"east": {"uv": [12.075, 2.2, 12.625, 2.85], "texture": "#0"},
				"south": {"uv": [12.075, 2.2, 12.725, 2.85], "texture": "#0"},
				"west": {"uv": [12.075, 2.2, 12.625, 2.85], "texture": "#0"},
				"up": {"uv": [12.075, 2.2, 12.725, 2.85], "texture": "#0"},
				"down": {"uv": [12.075, 2.2, 12.725, 2.85], "texture": "#0"}
			}
		},
		{
			"from": [10, 3.9, 12],
			"to": [11.1, 4.9, 13],
			"faces": {
				"north": {"uv": [12.075, 2.2, 12.725, 2.85], "texture": "#0"},
				"east": {"uv": [12.075, 2.2, 12.625, 2.85], "texture": "#0"},
				"south": {"uv": [12.075, 2.2, 12.725, 2.85], "texture": "#0"},
				"west": {"uv": [12.075, 2.2, 12.625, 2.85], "texture": "#0"},
				"up": {"uv": [12.075, 2.2, 12.725, 2.85], "texture": "#0"},
				"down": {"uv": [12.075, 2.2, 12.725, 2.85], "texture": "#0"}
			}
		},
		{
			"from": [10, 0.1, 12],
			"to": [11.1, 1.1, 13],
			"faces": {
				"north": {"uv": [12.075, 2.2, 12.725, 2.85], "texture": "#0"},
				"east": {"uv": [12.075, 2.2, 12.625, 2.85], "texture": "#0"},
				"south": {"uv": [12.075, 2.2, 12.725, 2.85], "texture": "#0"},
				"west": {"uv": [12.075, 2.2, 12.625, 2.85], "texture": "#0"},
				"up": {"uv": [12.075, 2.2, 12.725, 2.85], "texture": "#0"},
				"down": {"uv": [12.075, 2.2, 12.725, 2.85], "texture": "#0"}
			}
		},
		{
			"from": [10, 1.9, 12],
			"to": [11.1, 2.9, 13],
			"faces": {
				"north": {"uv": [12.075, 2.2, 12.725, 2.85], "texture": "#0"},
				"east": {"uv": [12.075, 2.2, 12.625, 2.85], "texture": "#0"},
				"south": {"uv": [12.075, 2.2, 12.725, 2.85], "texture": "#0"},
				"west": {"uv": [12.075, 2.2, 12.625, 2.85], "texture": "#0"},
				"up": {"uv": [12.075, 2.2, 12.725, 2.85], "texture": "#0"},
				"down": {"uv": [12.075, 2.2, 12.725, 2.85], "texture": "#0"}
			}
		},
		{
			"from": [6.1, -0.1, 12],
			"to": [7.2, 0.9, 13],
			"faces": {
				"north": {"uv": [12.075, 2.2, 12.725, 2.85], "texture": "#0"},
				"east": {"uv": [12.075, 2.2, 12.625, 2.85], "texture": "#0"},
				"south": {"uv": [12.075, 2.2, 12.725, 2.85], "texture": "#0"},
				"west": {"uv": [12.075, 2.2, 12.625, 2.85], "texture": "#0"},
				"up": {"uv": [12.075, 2.2, 12.725, 2.85], "texture": "#0"},
				"down": {"uv": [12.075, 2.2, 12.725, 2.85], "texture": "#0"}
			}
		},
		{
			"from": [9.8, -0.1, 12],
			"to": [10.9, 0.9, 13],
			"faces": {
				"north": {"uv": [12.075, 2.2, 12.725, 2.85], "texture": "#0"},
				"east": {"uv": [12.075, 2.2, 12.625, 2.85], "texture": "#0"},
				"south": {"uv": [12.075, 2.2, 12.725, 2.85], "texture": "#0"},
				"west": {"uv": [12.075, 2.2, 12.625, 2.85], "texture": "#0"},
				"up": {"uv": [12.075, 2.2, 12.725, 2.85], "texture": "#0"},
				"down": {"uv": [12.075, 2.2, 12.725, 2.85], "texture": "#0"}
			}
		},
		{
			"from": [8, -0.1, 12],
			"to": [9.1, 0.9, 13],
			"faces": {
				"north": {"uv": [12.075, 2.2, 12.725, 2.85], "texture": "#0"},
				"east": {"uv": [12.075, 2.2, 12.625, 2.85], "texture": "#0"},
				"south": {"uv": [12.075, 2.2, 12.725, 2.85], "texture": "#0"},
				"west": {"uv": [12.075, 2.2, 12.625, 2.85], "texture": "#0"},
				"up": {"uv": [12.075, 2.2, 12.725, 2.85], "texture": "#0"},
				"down": {"uv": [12.075, 2.2, 12.725, 2.85], "texture": "#0"}
			}
		},
		{
			"from": [2.9, 1.975, -0.725],
			"to": [4.5, 3.5, -0.725],
			"faces": {
				"north": {"uv": [0, 0, 16, 16], "texture": "#1"},
				"east": {"uv": [1.77778, 1.77778, 7.11111, 7.11111], "texture": "#1"},
				"south": {"uv": [0, 0, 16, 16], "texture": "#1"},
				"west": {"uv": [1.77778, 1.77778, 7.11111, 7.11111], "texture": "#1"},
				"up": {"uv": [0, 0, 1, 0], "texture": "#missing"},
				"down": {"uv": [0, 0, 1, 0], "texture": "#missing"}
			}
		}
	],
	"display": {
		"thirdperson_righthand": {
			"translation": [0, 8, 9]
		},
		"firstperson_righthand": {
			"rotation": [-14, 3, 0],
			"translation": [0, 12, 12]
		},
		"ground": {
			"translation": [0, 10.75, 4]
		},
		"gui": {
			"rotation": [90, -45, 90],
			"translation": [-4.5, 0, 0.25],
			"scale": [0.66, 0.66, 0.66]
		},
		"fixed": {
			"rotation": [90, -45, 90],
			"translation": [-4.5, 0, 0.25],
			"scale": [0.66, 0.66, 0.66]
		}
	}
}