{
	"credit": "Made with Blockbench",
	"texture_size": [64, 64],
	"textures": {
		"0": "./block",
		"2": "./stick_cmbx",
		"particle": "./block"
	},
	"elements": [
		{
			"from": [7, -16, 7],
			"to": [9, 20, 9],
			"faces": {
				"north": {"uv": [0, 0, 0.88889, 16], "rotation": 180, "texture": "#2"},
				"east": {"uv": [0, 0, 0.88889, 16], "texture": "#2"},
				"south": {"uv": [0, 0, 0.88889, 16], "rotation": 180, "texture": "#2"},
				"west": {"uv": [0, 0, 0.88889, 16], "texture": "#2"},
				"up": {"uv": [0, 15.1111, 0.88889, 16], "texture": "#2"},
				"down": {"uv": [0, 15.1111, 0.88889, 16], "texture": "#2"}
			}
		},
		{
			"from": [7, 28, 7],
			"to": [9, 31, 9],
			"faces": {
				"north": {"uv": [0.88889, 0, 0, 1.33333], "rotation": 180, "texture": "#2"},
				"east": {"uv": [0, 0, 0.88889, 1.33333], "rotation": 180, "texture": "#2"},
				"south": {"uv": [0, 0, 0.88889, 1.33333], "rotation": 180, "texture": "#2"},
				"west": {"uv": [0.88889, 0, 0, 1.33333], "rotation": 180, "texture": "#2"},
				"up": {"uv": [0, 15.11111, 0.88889, 16], "texture": "#2"},
				"down": {"uv": [0, 15.11111, 0.88889, 16], "texture": "#2"}
			}
		},
		{
			"from": [7, 20, 12],
			"to": [9, 28, 13],
			"faces": {
				"north": {"uv": [0, 0, 0.88889, 5.77778], "texture": "#2"},
				"east": {"uv": [0, 1.11111, 0.44444, 4.88889], "texture": "#2"},
				"south": {"uv": [0, 1.11111, 0.88889, 4.88889], "texture": "#2"},
				"west": {"uv": [0.44444, 1.11111, 0, 4.88889], "texture": "#2"},
				"up": {"uv": [0, 0, 0.88889, 5.77778], "texture": "#2"},
				"down": {"uv": [0, 0, 0.88889, 5.77778], "texture": "#2"}
			}
		},
		{
			"from": [7, 19, 9],
			"to": [9, 20, 13],
			"faces": {
				"north": {"uv": [6, 6, 6.5, 6.375], "texture": "#2"},
				"east": {"uv": [0.66667, 5.77778, 2.44444, 6.22222], "texture": "#2"},
				"south": {"uv": [0, 2, 0.88889, 1.55556], "texture": "#2"},
				"west": {"uv": [2.44444, 5.77778, 0.66667, 6.22222], "texture": "#2"},
				"up": {"uv": [0, 14.22222, 0.88889, 16], "texture": "#2"},
				"down": {"uv": [0.88889, 12.88889, 0, 14.66667], "texture": "#2"}
			}
		},
		{
			"from": [7, 28, 9],
			"to": [9, 29, 13],
			"faces": {
				"north": {"uv": [6, 6, 6.5, 6.375], "texture": "#2"},
				"east": {"uv": [0.66667, 1.33333, 2.44444, 0.88889], "texture": "#2"},
				"south": {"uv": [0, 1.55556, 0.88889, 2], "texture": "#2"},
				"west": {"uv": [2.44444, 1.33333, 0.66667, 0.88889], "texture": "#2"},
				"up": {"uv": [0, 12.66667, 0.88889, 14.44444], "texture": "#2"},
				"down": {"uv": [0.5, 6, 0, 7.5], "texture": "#2"}
			}
		},
		{
			"from": [4, 20, 4],
			"to": [12, 28, 12],
			"faces": {
				"north": {"uv": [0, 0, 16, 16], "texture": "#0"},
				"east": {"uv": [0, 0, 16, 16], "texture": "#0"},
				"south": {"uv": [0, 0, 16, 16], "texture": "#0"},
				"west": {"uv": [0, 0, 16, 16], "texture": "#0"},
				"up": {"uv": [16, 16, 0, 0], "texture": "#0"},
				"down": {"uv": [16, 0, 0, 16], "texture": "#0"}
			}
		}
	],
	"display": {
		"thirdperson_righthand": {
			"translation": [0, -0.5, 2],
			"scale": [0.75, 0.75, 0.75]
		},
		"thirdperson_lefthand": {
			"translation": [-0.75, 0, 1.75]
		},
		"firstperson_righthand": {
			"rotation": [-20, 0, 0],
			"translation": [8.75, -9.5, -3.5]
		},
		"firstperson_lefthand": {
			"rotation": [-20, 0, 0],
			"translation": [8.75, -9.5, -3.5]
		},
		"ground": {
			"rotation": [-90, 0, 0],
			"scale": [0.5, 0.5, 0.5]
		},
		"gui": {
			"rotation": [-36, -53, -83],
			"scale": [0.5, 0.5, 0.5]
		},
		"head": {
			"translation": [0, -12.8, 0],
			"scale": [1.6, 1.6, 1.6]
		},
		"fixed": {
			"rotation": [90, -45, 90],
			"translation": [0, 0, -2.5],
			"scale": [0.5, 0.5, 0.5]
		}
	}
}