{
	"credit": "Made with Blockbench",
	"textures": {
		"2": "misc/porohobot",
		"particle": "misc/porohobot"
	},
	"elements": [
		{
			"from": [-8, 0, -8],
			"to": [24, 32, 24],
			"faces": {
				"north": {"uv": [0, 0, 16, 16], "texture": "#2"},
				"east": {"uv": [0, 0, 16, 16], "texture": "#2"},
				"south": {"uv": [0, 0, 16, 16], "texture": "#2"},
				"west": {"uv": [0, 0, 16, 16], "texture": "#2"},
				"up": {"uv": [0, 0, 1.5, 0.75], "texture": "#2"},
				"down": {"uv": [15.75, 16, 16, 15.75], "texture": "#2"}
			}
		}
	],
	"display": {
		"thirdperson_righthand": {
			"rotation": [-88, 0, -180],
			"translation": [0, -0.75, 7.5],
			"scale": [4, 4, 4]
		},
		"thirdperson_lefthand": {
			"translation": [0, 0, 13],
			"scale": [4, 4, 4]
		},
		"firstperson_righthand": {
			"translation": [-9, 8.5, 2.5],
			"scale": [4, 4, 4]
		},
		"firstperson_lefthand": {
			"translation": [0, 6.5, 0]
		},
		"ground": {
			"translation": [0, 29, 0],
			"scale": [4, 4, 4]
		},
		"gui": {
			"translation": [0, 1, 0],
			"scale": [4, 4, 4]
		},
		"head": {
			"translation": [0, 25, 0],
			"scale": [4, 4, 4]
		},
		"fixed": {
			"rotation": [-90, 0, 0],
			"translation": [0, 0, -7]
		}
	}
}