{
	"credit": "Made with Blockbench",
	"parent": "item/generated",
	"textures": {
		"layer0": "./prizma"
	},
	"display": {
		"thirdperson_righthand": {
			"rotation": [0, -90, 40],
			"translation": [0, 5.75, 0.75],
			"scale": [0.81, 0.81, 0.66]
		},
		"thirdperson_lefthand": {
			"rotation": [0, -90, -45],
			"translation": [0, 5.75, 0.75],
			"scale": [0.81, 0.81, 0.66]
		},
		"firstperson_righthand": {
			"rotation": [0, -90, 33],
			"translation": [1.13, 4.7, 0.63],
			"scale": [0.81, 0.81, 0.68]
		},
		"firstperson_lefthand": {
			"rotation": [0, -90, -38],
			"translation": [0.88, 6.2, 0.63],
			"scale": [0.81, 0.81, 0.68]
		},
		"ground": {
			"translation": [0, 4.75, 0],
			"scale": [0.73, 0.73, 0.66]
		},
		"head": {
			"rotation": [0, 90, 0],
			"translation": [0, 3.5, -5]
		},
		"fixed": {
			"rotation": [0, -180, 0]
		}
	}
}