{
	"credit": "Made with Blockbench",
	"textures": {
		"staff_golden_crook": "misc/staff_golden_crook"
	},
	"elements": [
		{
			"name": "Box1",
			"from": [6.75, 14.5, 8],
			"to": [9.25, 14.75, 8.5],
			"faces": {
				"north": {"uv": [9.25, 1.25, 6.75, 1.5], "texture": "#staff_golden_crook"},
				"east": {"uv": [9.25, 1.5, 9, 1.25], "rotation": 180, "texture": "#staff_golden_crook"},
				"south": {"uv": [6.75, 1.25, 9.25, 1.5], "texture": "#staff_golden_crook"},
				"west": {"uv": [6.75, 1.25, 7, 1.5], "texture": "#staff_golden_crook"},
				"up": {"uv": [6.75, 1.5, 9.25, 1.25], "texture": "#staff_golden_crook"},
				"down": {"uv": [6.75, 1.25, 9.25, 1.5], "texture": "#staff_golden_crook"}
			}
		},
		{
			"name": "Box2",
			"from": [6.75, 13.5, 8],
			"to": [7.5, 13.75, 8.5],
			"faces": {
				"north": {"uv": [7.5, 2.25, 6.75, 2.5], "texture": "#staff_golden_crook"},
				"east": {"uv": [7.5, 2.5, 7.25, 2.25], "rotation": 180, "texture": "#staff_golden_crook"},
				"south": {"uv": [6.75, 2.25, 7.5, 2.5], "texture": "#staff_golden_crook"},
				"west": {"uv": [6.75, 2.25, 7, 2.5], "texture": "#staff_golden_crook"},
				"up": {"uv": [6.75, 2.5, 7.5, 2.25], "texture": "#staff_golden_crook"},
				"down": {"uv": [6.75, 2.25, 7.5, 2.5], "texture": "#staff_golden_crook"}
			}
		},
		{
			"name": "Box3",
			"from": [6.75, 12.75, 8],
			"to": [7.25, 13.5, 8.5],
			"faces": {
				"north": {"uv": [7.25, 2.5, 6.75, 3.25], "texture": "#staff_golden_crook"},
				"east": {"uv": [7.25, 3.25, 7, 2.5], "rotation": 180, "texture": "#staff_golden_crook"},
				"south": {"uv": [6.75, 2.5, 7.25, 3.25], "texture": "#staff_golden_crook"},
				"west": {"uv": [6.75, 2.5, 7, 3.25], "texture": "#staff_golden_crook"},
				"down": {"uv": [6.75, 3, 7.25, 3.25], "texture": "#staff_golden_crook"}
			}
		},
		{
			"name": "Box4",
			"from": [7, 13.75, 8],
			"to": [9, 14, 8.5],
			"faces": {
				"north": {"uv": [9, 2, 7, 2.25], "texture": "#staff_golden_crook"},
				"east": {"uv": [9, 2.25, 8.75, 2], "rotation": 180, "texture": "#staff_golden_crook"},
				"south": {"uv": [7, 2, 9, 2.25], "texture": "#staff_golden_crook"},
				"west": {"uv": [7, 2, 7.25, 2.25], "texture": "#staff_golden_crook"},
				"up": {"uv": [7, 2.25, 9, 2], "texture": "#staff_golden_crook"},
				"down": {"uv": [7, 2, 9, 2.25], "texture": "#staff_golden_crook"}
			}
		},
		{
			"name": "Box5",
			"from": [7.25, 14, 8],
			"to": [8.75, 14.25, 8.5],
			"faces": {
				"north": {"uv": [8.75, 1.75, 7.25, 2], "texture": "#staff_golden_crook"},
				"east": {"uv": [8.75, 2, 8.5, 1.75], "rotation": 180, "texture": "#staff_golden_crook"},
				"south": {"uv": [7.25, 1.75, 8.75, 2], "texture": "#staff_golden_crook"},
				"west": {"uv": [7.25, 1.75, 7.5, 2], "texture": "#staff_golden_crook"},
				"up": {"uv": [7.25, 2, 8.75, 1.75], "texture": "#staff_golden_crook"}
			}
		},
		{
			"name": "Box6",
			"from": [7.25, 11.5, 8],
			"to": [9, 11.75, 8.5],
			"faces": {
				"north": {"uv": [9, 4.25, 7.25, 4.5], "texture": "#staff_golden_crook"},
				"east": {"uv": [9, 4.5, 8.75, 4.25], "rotation": 180, "texture": "#staff_golden_crook"},
				"south": {"uv": [7.25, 4.25, 9, 4.5], "texture": "#staff_golden_crook"},
				"west": {"uv": [7.25, 4.25, 7.5, 4.5], "texture": "#staff_golden_crook"},
				"up": {"uv": [7.25, 4.5, 9, 4.25], "texture": "#staff_golden_crook"},
				"down": {"uv": [7.25, 4.25, 9, 4.5], "texture": "#staff_golden_crook"}
			}
		},
		{
			"name": "Box7",
			"from": [7.25, 11.25, 8],
			"to": [8.75, 11.5, 8.5],
			"faces": {
				"north": {"uv": [8.75, 4.5, 7.25, 4.75], "texture": "#staff_golden_crook"},
				"east": {"uv": [8.75, 4.75, 8.5, 4.5], "rotation": 180, "texture": "#staff_golden_crook"},
				"south": {"uv": [7.25, 4.5, 8.75, 4.75], "texture": "#staff_golden_crook"},
				"west": {"uv": [7.25, 4.5, 7.5, 4.75], "texture": "#staff_golden_crook"},
				"down": {"uv": [7.25, 4.5, 8.75, 4.75], "texture": "#staff_golden_crook"}
			}
		},
		{
			"name": "Box8",
			"from": [7.5, 12.25, 7.75],
			"to": [8.5, 13.25, 8.75],
			"faces": {
				"north": {"uv": [8.5, 2.75, 7.5, 3.75], "texture": "#staff_golden_crook"},
				"east": {"uv": [8.5, 3.75, 8.25, 2.75], "rotation": 180, "texture": "#staff_golden_crook"},
				"south": {"uv": [7.5, 2.75, 8.5, 3.75], "texture": "#staff_golden_crook"},
				"west": {"uv": [7.5, 2.75, 7.75, 3.75], "texture": "#staff_golden_crook"},
				"up": {"uv": [7.5, 3, 8.5, 2.75], "texture": "#staff_golden_crook"},
				"down": {"uv": [7.5, 3.5, 8.5, 3.75], "texture": "#staff_golden_crook"}
			}
		},
		{
			"name": "Box9",
			"from": [7.5, 10.75, 7.75],
			"to": [8.5, 11, 8.75],
			"faces": {
				"north": {"uv": [8.5, 5, 7.5, 5.25], "texture": "#staff_golden_crook"},
				"east": {"uv": [8.5, 5.25, 8.25, 5], "rotation": 180, "texture": "#staff_golden_crook"},
				"south": {"uv": [7.5, 5, 8.5, 5.25], "texture": "#staff_golden_crook"},
				"west": {"uv": [7.5, 5, 7.75, 5.25], "texture": "#staff_golden_crook"},
				"up": {"uv": [7.5, 5.25, 8.5, 5], "texture": "#staff_golden_crook"},
				"down": {"uv": [7.5, 5, 8.5, 5.25], "texture": "#staff_golden_crook"}
			}
		},
		{
			"name": "Box10",
			"from": [7.5, 0.25, 8],
			"to": [8.5, 0.75, 8.5],
			"faces": {
				"north": {"uv": [8.5, 15.25, 7.5, 15.75], "texture": "#staff_golden_crook"},
				"east": {"uv": [8.5, 15.75, 8.25, 15.25], "rotation": 180, "texture": "#staff_golden_crook"},
				"south": {"uv": [7.5, 15.25, 8.5, 15.75], "texture": "#staff_golden_crook"},
				"west": {"uv": [7.5, 15.25, 7.75, 15.75], "texture": "#staff_golden_crook"},
				"up": {"uv": [7.5, 15.5, 8.5, 15.25], "texture": "#staff_golden_crook"},
				"down": {"uv": [7.5, 15.5, 8.5, 15.75], "texture": "#staff_golden_crook"}
			}
		},
		{
			"name": "Box11",
			"from": [7.75, 13.5, 8],
			"to": [8.25, 15, 8.5],
			"faces": {
				"north": {"uv": [8.25, 1, 7.75, 2.5], "texture": "#staff_golden_crook"},
				"east": {"uv": [8.25, 2.5, 8, 1], "rotation": 180, "texture": "#staff_golden_crook"},
				"south": {"uv": [7.75, 1, 8.25, 2.5], "texture": "#staff_golden_crook"},
				"west": {"uv": [7.75, 1, 8, 2.5], "texture": "#staff_golden_crook"},
				"up": {"uv": [7.75, 1.25, 8.25, 1], "texture": "#staff_golden_crook"},
				"down": {"uv": [7.75, 2.25, 8.25, 2.5], "texture": "#staff_golden_crook"}
			}
		},
		{
			"name": "Box12",
			"from": [7.75, 10, 8],
			"to": [8.25, 12, 8.5],
			"faces": {
				"north": {"uv": [8.25, 4, 7.75, 6], "texture": "#staff_golden_crook"},
				"east": {"uv": [8.25, 6, 8, 4], "rotation": 180, "texture": "#staff_golden_crook"},
				"south": {"uv": [7.75, 4, 8.25, 6], "texture": "#staff_golden_crook"},
				"west": {"uv": [7.75, 4, 8, 6], "texture": "#staff_golden_crook"},
				"up": {"uv": [7.75, 4.25, 8.25, 4], "texture": "#staff_golden_crook"},
				"down": {"uv": [7.75, 5.75, 8.25, 6], "texture": "#staff_golden_crook"}
			}
		},
		{
			"name": "Box13",
			"from": [7.75, 0, 8],
			"to": [8.25, 9.5, 8.5],
			"faces": {
				"north": {"uv": [8.25, 6.5, 7.75, 16], "texture": "#staff_golden_crook"},
				"east": {"uv": [8.25, 6.5, 8, 16], "texture": "#staff_golden_crook"},
				"south": {"uv": [7.75, 6.5, 8.25, 16], "texture": "#staff_golden_crook"},
				"west": {"uv": [7.75, 6.5, 8, 16], "texture": "#staff_golden_crook"},
				"up": {"uv": [7.75, 6.75, 8.25, 6.5], "texture": "#staff_golden_crook"},
				"down": {"uv": [7.75, 15.75, 8.25, 16], "texture": "#staff_golden_crook", "cullface": "down"}
			}
		},
		{
			"name": "Box14",
			"from": [8.5, 13.5, 8],
			"to": [9.25, 13.75, 8.5],
			"faces": {
				"north": {"uv": [9.25, 2.25, 8.5, 2.5], "texture": "#staff_golden_crook"},
				"east": {"uv": [9.25, 2.5, 9, 2.25], "rotation": 180, "texture": "#staff_golden_crook"},
				"south": {"uv": [8.5, 2.25, 9.25, 2.5], "texture": "#staff_golden_crook"},
				"west": {"uv": [8.5, 2.25, 8.75, 2.5], "texture": "#staff_golden_crook"},
				"up": {"uv": [8.5, 2.5, 9.25, 2.25], "texture": "#staff_golden_crook"},
				"down": {"uv": [8.5, 2.25, 9.25, 2.5], "texture": "#staff_golden_crook"}
			}
		},
		{
			"name": "Box15",
			"from": [8.5, 11.75, 8],
			"to": [9.25, 12, 8.5],
			"faces": {
				"north": {"uv": [9.25, 4, 8.5, 4.25], "texture": "#staff_golden_crook"},
				"east": {"uv": [9.25, 4.25, 9, 4], "rotation": 180, "texture": "#staff_golden_crook"},
				"south": {"uv": [8.5, 4, 9.25, 4.25], "texture": "#staff_golden_crook"},
				"west": {"uv": [8.5, 4, 8.75, 4.25], "texture": "#staff_golden_crook"},
				"up": {"uv": [8.5, 4.25, 9.25, 4], "texture": "#staff_golden_crook"},
				"down": {"uv": [8.5, 4, 9.25, 4.25], "texture": "#staff_golden_crook"}
			}
		},
		{
			"name": "Box16",
			"from": [8.75, 12, 8],
			"to": [9.25, 13.5, 8.5],
			"faces": {
				"north": {"uv": [9.25, 2.5, 8.75, 4], "texture": "#staff_golden_crook"},
				"east": {"uv": [9.25, 4, 9, 2.5], "rotation": 180, "texture": "#staff_golden_crook"},
				"south": {"uv": [8.75, 2.5, 9.25, 4], "texture": "#staff_golden_crook"},
				"west": {"uv": [8.75, 2.5, 9, 4], "texture": "#staff_golden_crook"}
			}
		},
		{
			"name": "Box17",
			"from": [9.5, 13.75, 8],
			"to": [10, 14.25, 8.5],
			"faces": {
				"north": {"uv": [10, 1.75, 9.5, 2.25], "texture": "#staff_golden_crook"},
				"east": {"uv": [10, 2.25, 9.75, 1.75], "rotation": 180, "texture": "#staff_golden_crook"},
				"south": {"uv": [9.5, 1.75, 10, 2.25], "texture": "#staff_golden_crook"},
				"west": {"uv": [9.5, 1.75, 9.75, 2.25], "texture": "#staff_golden_crook"},
				"up": {"uv": [9.5, 2, 10, 1.75], "texture": "#staff_golden_crook"},
				"down": {"uv": [9.5, 2, 10, 2.25], "texture": "#staff_golden_crook"}
			}
		},
		{
			"name": "Box18",
			"from": [9.75, 13, 8],
			"to": [10.25, 13.5, 8.5],
			"faces": {
				"north": {"uv": [10.25, 2.5, 9.75, 3], "texture": "#staff_golden_crook"},
				"east": {"uv": [10.25, 3, 10, 2.5], "rotation": 180, "texture": "#staff_golden_crook"},
				"south": {"uv": [9.75, 2.5, 10.25, 3], "texture": "#staff_golden_crook"},
				"west": {"uv": [9.75, 2.5, 10, 3], "texture": "#staff_golden_crook"},
				"up": {"uv": [9.75, 2.75, 10.25, 2.5], "texture": "#staff_golden_crook"},
				"down": {"uv": [9.75, 2.75, 10.25, 3], "texture": "#staff_golden_crook"}
			}
		}
	],
	"display": {
		"thirdperson_righthand": {
			"rotation": [0, -90, 0],
			"translation": [0.75, 0, 1.5],
			"scale": [3, 3, 3]
		},
		"thirdperson_lefthand": {
			"rotation": [0, 90, 0],
			"translation": [-0.75, 0, 1.5],
			"scale": [3, 3, 3]
		},
		"firstperson_righthand": {
			"rotation": [0, -90, 0],
			"translation": [0, 4, 0],
			"scale": [2, 2, 2]
		},
		"firstperson_lefthand": {
			"rotation": [0, 90, 0],
			"translation": [0, 4, 0],
			"scale": [2, 2, 2]
		},
		"ground": {
			"rotation": [0, 0, -45],
			"translation": [0, 2, 0]
		},
		"gui": {
			"rotation": [0, 0, -45],
			"scale": [1.3, 1.3, 1.3]
		},
		"fixed": {
			"rotation": [0, -180, -45],
			"scale": [2, 2, 2]
		}
	}
}