{
	"credit": "Made with Blockbench",
	"parent": "item/generated",
	"textures": {
		"layer0": "./power_sword"
	},
	"display": {
		"thirdperson_righthand": {
			"rotation": [91, -87, 119],
			"translation": [0, 11.25, 4.5],
			"scale": [1.7, 1.7, 0.85]
		},
		"thirdperson_lefthand": {
			"rotation": [-92, 90, 70],
			"translation": [0, 9.5, 5],
			"scale": [1.7, 1.7, 0.85]
		},
		"firstperson_righthand": {
			"rotation": [0, -94, 41],
			"translation": [1.88, 4.2, 0.38],
			"scale": [1.11, 1.11, 0.68]
		},
		"firstperson_lefthand": {
			"rotation": [0, 90, -25],
			"translation": [1.13, 3.2, -1.12],
			"scale": [1.36, 1.36, 0.68]
		},
		"ground": {
			"rotation": [90, -180, -180],
			"translation": [0, 0.75, 0],
			"scale": [1, 1, 0.5]
		},
		"gui": {
			"scale": [0.94, 0.94, 0.94]
		},
		"head": {
			"translation": [0, -3.5, 0]
		},
		"fixed": {
			"translation": [-0.25, -0.5, 0],
			"scale": [1.3, 1.3, 1.3]
		}
	}
}