{
	"credit": "Made with Blockbench",
	"textures": {
		"0": "./item/black",
		"3": "./block/shulker_top_white",
		"8": "./block/shulker_top_pink",
		"9": "./block/dark_oak_planks",
		"particle": "./item/black"
	},
	"elements": [
		{
			"from": [2.25, 1.25, -0.4],
			"to": [13.75, 13.1, 0.1],
			"faces": {
				"north": {"uv": [0, 0, 4, 1], "texture": "#0"},
				"east": {"uv": [1, 1, 15, 15], "texture": "#3"},
				"south": {"uv": [1, 1, 15, 15], "texture": "#0"},
				"west": {"uv": [1, 1, 15, 15], "texture": "#3"},
				"up": {"uv": [1, 1, 15, 15], "texture": "#3"},
				"down": {"uv": [1, 1, 15, 15], "texture": "#3"}
			}
		},
		{
			"from": [7.15, 1.25, -1.4],
			"to": [8.65, 3.5, -0.4],
			"faces": {
				"north": {"uv": [0, 0, 16, 16], "texture": "#0"},
				"east": {"uv": [0, 0, 16, 16], "texture": "#0"},
				"south": {"uv": [0, 0, 16, 16], "texture": "#0"},
				"west": {"uv": [0, 0, 16, 16], "texture": "#0"},
				"up": {"uv": [0, 0, 16, 16], "texture": "#0"},
				"down": {"uv": [0, 0, 16, 16], "texture": "#0"}
			}
		},
		{
			"from": [6.15, 3.45, -1.2],
			"to": [9.65, 4.45, -0.2],
			"faces": {
				"north": {"uv": [5, 9, 13, 11], "texture": "#8"},
				"east": {"uv": [5, 6, 10, 11], "texture": "#8"},
				"south": {"uv": [5, 6, 10, 11], "texture": "#8"},
				"west": {"uv": [5, 6, 10, 11], "texture": "#8"},
				"up": {"uv": [5, 6, 10, 11], "texture": "#8"},
				"down": {"uv": [5, 6, 10, 11], "texture": "#8"}
			}
		},
		{
			"from": [2.2, 5.9, -1.4],
			"to": [3.875, 7.475, -0.4],
			"faces": {
				"north": {"uv": [0, 0, 16, 16], "texture": "#0"},
				"east": {"uv": [0, 0, 16, 16], "texture": "#0"},
				"south": {"uv": [0, 0, 16, 16], "texture": "#0"},
				"west": {"uv": [0, 0, 16, 16], "texture": "#0"},
				"up": {"uv": [0, 0, 16, 16], "texture": "#0"},
				"down": {"uv": [0, 0, 16, 16], "texture": "#0"}
			}
		},
		{
			"from": [6.475, 5.9, -1.4],
			"to": [9.475, 7.475, -0.4],
			"faces": {
				"north": {"uv": [0, 0, 16, 16], "texture": "#0"},
				"east": {"uv": [0, 0, 16, 16], "texture": "#0"},
				"south": {"uv": [0, 0, 16, 16], "texture": "#0"},
				"west": {"uv": [0, 0, 16, 16], "texture": "#0"},
				"up": {"uv": [0, 0, 16, 16], "texture": "#0"},
				"down": {"uv": [0, 0, 16, 16], "texture": "#0"}
			}
		},
		{
			"from": [12.075, 5.9, -1.4],
			"to": [13.7, 7.475, -0.4],
			"faces": {
				"north": {"uv": [0, 0, 16, 16], "texture": "#0"},
				"east": {"uv": [0, 0, 16, 16], "texture": "#0"},
				"south": {"uv": [0, 0, 16, 16], "texture": "#0"},
				"west": {"uv": [0, 0, 16, 16], "texture": "#0"},
				"up": {"uv": [0, 0, 16, 16], "texture": "#0"},
				"down": {"uv": [0, 0, 16, 16], "texture": "#0"}
			}
		},
		{
			"from": [9.475, 4.4, -1.4],
			"to": [12.475, 5.975, -0.4],
			"faces": {
				"north": {"uv": [0, 0, 16, 16], "texture": "#0"},
				"east": {"uv": [0, 0, 16, 16], "texture": "#0"},
				"south": {"uv": [0, 0, 16, 16], "texture": "#0"},
				"west": {"uv": [0, 0, 16, 16], "texture": "#0"},
				"up": {"uv": [0, 0, 16, 16], "texture": "#0"},
				"down": {"uv": [0, 0, 16, 16], "texture": "#0"}
			}
		},
		{
			"from": [3.25, 4.4, -1.4],
			"to": [6.775, 5.975, -0.4],
			"faces": {
				"north": {"uv": [0, 0, 16, 16], "texture": "#0"},
				"east": {"uv": [0, 0, 16, 16], "texture": "#0"},
				"south": {"uv": [0, 0, 16, 16], "texture": "#0"},
				"west": {"uv": [0, 0, 16, 16], "texture": "#0"},
				"up": {"uv": [0, 0, 16, 16], "texture": "#0"},
				"down": {"uv": [0, 0, 16, 16], "texture": "#0"}
			}
		},
		{
			"from": [10.5, 5.55, -1.2],
			"to": [12.25, 7.3, -0.2],
			"faces": {
				"north": {"uv": [5, 6, 10, 11], "texture": "#8"},
				"east": {"uv": [5, 6, 10, 11], "texture": "#8"},
				"south": {"uv": [5, 6, 10, 11], "texture": "#8"},
				"west": {"uv": [5, 6, 10, 11], "texture": "#8"},
				"up": {"uv": [5, 6, 10, 11], "texture": "#8"},
				"down": {"uv": [5, 6, 10, 11], "texture": "#8"}
			}
		},
		{
			"from": [3.45, 5.55, -1.2],
			"to": [5.15, 7.3, -0.2],
			"faces": {
				"north": {"uv": [5, 6, 10, 11], "texture": "#8"},
				"east": {"uv": [5, 6, 10, 11], "texture": "#8"},
				"south": {"uv": [5, 6, 10, 11], "texture": "#8"},
				"west": {"uv": [5, 6, 10, 11], "texture": "#8"},
				"up": {"uv": [5, 6, 10, 11], "texture": "#8"},
				"down": {"uv": [5, 6, 10, 11], "texture": "#8"}
			}
		},
		{
			"from": [11.8, 7, -1.2],
			"to": [13.55, 9.1, -0.2],
			"faces": {
				"north": {"uv": [5, 6, 10, 11], "texture": "#8"},
				"east": {"uv": [5, 6, 10, 11], "texture": "#8"},
				"south": {"uv": [5, 6, 10, 11], "texture": "#8"},
				"west": {"uv": [5, 6, 10, 11], "texture": "#8"},
				"up": {"uv": [5, 6, 10, 11], "texture": "#8"},
				"down": {"uv": [5, 6, 10, 11], "texture": "#8"}
			}
		},
		{
			"from": [2.3, 7, -1.2],
			"to": [4.05, 9.1, -0.2],
			"faces": {
				"north": {"uv": [5, 6, 10, 11], "texture": "#8"},
				"east": {"uv": [5, 6, 10, 11], "texture": "#8"},
				"south": {"uv": [5, 6, 10, 11], "texture": "#8"},
				"west": {"uv": [5, 6, 10, 11], "texture": "#8"},
				"up": {"uv": [5, 6, 10, 11], "texture": "#8"},
				"down": {"uv": [5, 6, 10, 11], "texture": "#8"}
			}
		},
		{
			"from": [9.825, 11.7, -1.4],
			"to": [13.325, 12.775, -0.4],
			"faces": {
				"north": {"uv": [0, 0, 16, 16], "texture": "#0"},
				"east": {"uv": [0, 0, 16, 16], "texture": "#0"},
				"south": {"uv": [0, 0, 16, 16], "texture": "#0"},
				"west": {"uv": [0, 0, 16, 16], "texture": "#0"},
				"up": {"uv": [0, 0, 16, 16], "texture": "#0"},
				"down": {"uv": [0, 0, 16, 16], "texture": "#0"}
			}
		},
		{
			"from": [2.575, 11.7, -1.4],
			"to": [6.075, 12.775, -0.4],
			"faces": {
				"north": {"uv": [0, 0, 16, 16], "texture": "#0"},
				"east": {"uv": [0, 0, 16, 16], "texture": "#0"},
				"south": {"uv": [0, 0, 16, 16], "texture": "#0"},
				"west": {"uv": [0, 0, 16, 16], "texture": "#0"},
				"up": {"uv": [0, 0, 16, 16], "texture": "#0"},
				"down": {"uv": [0, 0, 16, 16], "texture": "#0"}
			}
		},
		{
			"from": [9.825, 11.7, -1.4],
			"to": [13.325, 12.775, -0.4],
			"faces": {
				"north": {"uv": [0, 0, 16, 16], "texture": "#0"},
				"east": {"uv": [0, 0, 16, 16], "texture": "#0"},
				"south": {"uv": [0, 0, 16, 16], "texture": "#0"},
				"west": {"uv": [0, 0, 16, 16], "texture": "#0"},
				"up": {"uv": [0, 0, 16, 16], "texture": "#0"},
				"down": {"uv": [0, 0, 16, 16], "texture": "#0"}
			}
		},
		{
			"from": [9.075, 10.8, -1.4],
			"to": [11.075, 11.875, -0.4],
			"faces": {
				"north": {"uv": [0, 0, 16, 16], "texture": "#0"},
				"east": {"uv": [0, 0, 16, 16], "texture": "#0"},
				"south": {"uv": [0, 0, 16, 16], "texture": "#0"},
				"west": {"uv": [0, 0, 16, 16], "texture": "#0"},
				"up": {"uv": [0, 0, 16, 16], "texture": "#0"},
				"down": {"uv": [0, 0, 16, 16], "texture": "#0"}
			}
		},
		{
			"from": [4.775, 10.8, -1.4],
			"to": [6.775, 11.875, -0.4],
			"faces": {
				"north": {"uv": [0, 0, 16, 16], "texture": "#0"},
				"east": {"uv": [0, 0, 16, 16], "texture": "#0"},
				"south": {"uv": [0, 0, 16, 16], "texture": "#0"},
				"west": {"uv": [0, 0, 16, 16], "texture": "#0"},
				"up": {"uv": [0, 0, 16, 16], "texture": "#0"},
				"down": {"uv": [0, 0, 16, 16], "texture": "#0"}
			}
		},
		{
			"from": [1.45, 9.2, -0.8],
			"to": [3.75, 10.25, 0.2],
			"faces": {
				"north": {"uv": [10, 9, 10, 8], "texture": "#3"},
				"east": {"uv": [10, 8, 10, 9], "texture": "#3"},
				"south": {"uv": [10, 8, 10, 9], "texture": "#3"},
				"west": {"uv": [10, 8, 10, 9], "texture": "#3"},
				"up": {"uv": [10, 8, 10, 9], "texture": "#3"},
				"down": {"uv": [10, 8, 10, 9], "texture": "#3"}
			}
		},
		{
			"from": [12.35, 9.2, -0.8],
			"to": [14.65, 10.25, 0.2],
			"faces": {
				"north": {"uv": [10, 9, 10, 8], "texture": "#3"},
				"east": {"uv": [10, 8, 10, 9], "texture": "#3"},
				"south": {"uv": [10, 8, 10, 9], "texture": "#3"},
				"west": {"uv": [10, 8, 10, 9], "texture": "#3"},
				"up": {"uv": [10, 8, 10, 9], "texture": "#3"},
				"down": {"uv": [10, 8, 10, 9], "texture": "#3"}
			}
		},
		{
			"from": [6.25, 9.2, -0.8],
			"to": [9.65, 10.25, 0.2],
			"faces": {
				"north": {"uv": [10, 9, 10, 8], "texture": "#3"},
				"east": {"uv": [10, 8, 10, 9], "texture": "#3"},
				"south": {"uv": [10, 8, 10, 9], "texture": "#3"},
				"west": {"uv": [10, 8, 10, 9], "texture": "#3"},
				"up": {"uv": [10, 8, 10, 9], "texture": "#3"},
				"down": {"uv": [10, 8, 10, 9], "texture": "#3"}
			}
		},
		{
			"from": [1.45, 0.25, -0.8],
			"to": [14.65, 9.2, 0.2],
			"faces": {
				"north": {"uv": [10, 9, 10, 8], "texture": "#3"},
				"east": {"uv": [10, 8, 10, 9], "texture": "#3"},
				"south": {"uv": [10, 8, 10, 9], "texture": "#3"},
				"west": {"uv": [10, 8, 10, 9], "texture": "#3"},
				"up": {"uv": [10, 8, 10, 9], "texture": "#3"},
				"down": {"uv": [10, 8, 10, 9], "texture": "#3"}
			}
		},
		{
			"from": [1.45, 10.25, -0.8],
			"to": [14.65, 13.8, 0.2],
			"faces": {
				"north": {"uv": [10, 9, 10, 8], "texture": "#3"},
				"east": {"uv": [10, 8, 10, 9], "texture": "#3"},
				"south": {"uv": [10, 8, 10, 9], "texture": "#3"},
				"west": {"uv": [10, 8, 10, 9], "texture": "#3"},
				"up": {"uv": [10, 8, 10, 9], "texture": "#3"},
				"down": {"uv": [10, 8, 10, 9], "texture": "#3"}
			}
		},
		{
			"from": [14.35, 6.75, -0.4],
			"to": [15.1, 9.1, 13.875],
			"faces": {
				"north": {"uv": [0.9, 6.9, 1.65, 9.25], "texture": "#9"},
				"east": {"uv": [1.65, 6.9, 16, 9.25], "texture": "#9"},
				"south": {"uv": [14.35, 6.9, 15.1, 9.25], "texture": "#9"},
				"west": {"uv": [0, 6.9, 14.35, 9.25], "texture": "#9"},
				"up": {"uv": [14.35, 0, 15.1, 14.35], "texture": "#9"},
				"down": {"uv": [14.35, 1.65, 15.1, 16], "texture": "#9"}
			}
		},
		{
			"from": [1.725, 6.75, 13.575],
			"to": [14.35, 9.1, 14.325],
			"faces": {
				"north": {"uv": [1.65, 6.9, 14.275, 9.25], "texture": "#9"},
				"east": {"uv": [1.15, 6.9, 1.9, 9.25], "texture": "#9"},
				"south": {"uv": [1.725, 6.9, 14.35, 9.25], "texture": "#9"},
				"west": {"uv": [14.1, 6.9, 14.85, 9.25], "texture": "#9"},
				"up": {"uv": [1.725, 14.1, 14.35, 14.85], "texture": "#9"},
				"down": {"uv": [1.725, 1.15, 14.35, 1.9], "texture": "#9"}
			}
		},
		{
			"from": [1.05, 6.75, -0.4],
			"to": [1.8, 9.1, 13.875],
			"faces": {
				"north": {"uv": [14.2, 6.9, 14.95, 9.25], "texture": "#9"},
				"east": {"uv": [1.65, 6.9, 16, 9.25], "texture": "#9"},
				"south": {"uv": [1.05, 6.9, 1.8, 9.25], "texture": "#9"},
				"west": {"uv": [0, 6.9, 14.35, 9.25], "texture": "#9"},
				"up": {"uv": [1.05, 0, 1.8, 14.35], "texture": "#9"},
				"down": {"uv": [1.05, 1.65, 1.8, 16], "texture": "#9"}
			}
		}
	],
	"display": {
		"thirdperson_righthand": {
			"rotation": [-10, 128, 15],
			"translation": [0, 1, -1.5],
			"scale": [0.31, 0.3, 0.32]
		},
		"thirdperson_lefthand": {
			"rotation": [-10, 128, 15],
			"translation": [-1, 1, -1.5],
			"scale": [0.31, 0.3, 0.32]
		},
		"firstperson_righthand": {
			"rotation": [-10, 128, 15],
			"translation": [3.5, 1.5, -3.5],
			"scale": [0.47, 0.46, 0.45]
		},
		"firstperson_lefthand": {
			"rotation": [-10, 128, 15],
			"translation": [3.5, 1.5, -3.5],
			"scale": [0.47, 0.46, 0.45]
		},
		"ground": {
			"scale": [0.47, 0.46, 0.45]
		},
		"gui": {
			"rotation": [45, 133, 0],
			"scale": [0.61, 0.62, 0.61]
		},
		"head": {
			"translation": [0, 0.75, 1],
			"scale": [0.99, 0.99, 0.99]
		}
	},
	"groups": [
		{
			"name": "group",
			"origin": [8, 8, 8],
			"color": 0,
			"children": [0, 1, 2, 3, 4, 5, 6, 7, 8, 9, 10, 11, 12, 13, 14, 15, 16, 17, 18, 19, 20, 21, 22, 23, 24]
		},
		{
			"name": "group",
			"origin": [8, 8, 8],
			"color": 0,
			"children": []
		},
		{
			"name": "group",
			"origin": [8, 8, 8],
			"color": 0,
			"children": []
		}
	]
}