{
	"credit": "Made with Blockbench",
	"textures": {
		"0": "misc/item_frame",
		"1": "misc/magazine",
		"2": "misc/gold_block",
		"3": "misc/red_wool"
	},
	"elements": [
		{
			"from": [4, 1, 7.2],
			"to": [12, 14, 7.5],
			"rotation": {"angle": 0, "axis": "x", "origin": [8, 8, 11]},
			"faces": {
				"north": {"uv": [4, 2, 12, 15], "rotation": 180, "texture": "#0"},
				"east": {"uv": [2, 0, 15, 0.3], "rotation": 270, "texture": "#0"},
				"south": {"uv": [4, 1, 12, 14], "rotation": 180, "texture": "#0"},
				"west": {"uv": [2, 5, 15, 5.3], "rotation": 90, "texture": "#0"},
				"up": {"uv": [3, 0, 11, 0.3], "rotation": 180, "texture": "#0"},
				"down": {"uv": [4, 0, 12, 0.3], "texture": "#0"}
			}
		},
		{
			"from": [3.6, 1, 7.5],
			"to": [4, 14, 9.2],
			"rotation": {"angle": 0, "axis": "x", "origin": [8, 8, 11]},
			"faces": {
				"north": {"uv": [3, 1, 3.4, 14], "rotation": 180, "texture": "#0"},
				"east": {"uv": [0, 0, 13, 1.7], "rotation": 270, "texture": "#0"},
				"south": {"uv": [3, 1, 3.4, 14], "texture": "#0"},
				"west": {"uv": [1, 7, 14, 8.7], "rotation": 90, "texture": "#0"},
				"up": {"uv": [15, 3, 15.4, 4.7], "rotation": 180, "texture": "#0"},
				"down": {"uv": [15, 4, 15.4, 5.7], "texture": "#0"}
			}
		},
		{
			"from": [3.5, 7.2, 7.4],
			"to": [4, 7.7, 9.3],
			"rotation": {"angle": 0, "axis": "x", "origin": [8, 4.5, 11]},
			"faces": {
				"north": {"uv": [0, 0, 0.5, 0.5], "rotation": 180, "texture": "#0"},
				"east": {"uv": [0, 0, 0.5, 1.9], "rotation": 270, "texture": "#0"},
				"south": {"uv": [0, 0, 0.5, 0.5], "texture": "#0"},
				"west": {"uv": [0, 0, 0.5, 1.9], "rotation": 90, "texture": "#0"},
				"up": {"uv": [0, 0, 0.5, 1.9], "rotation": 180, "texture": "#0"},
				"down": {"uv": [0, 0, 0.5, 1.9], "texture": "#0"}
			}
		},
		{
			"from": [3.5, 5.2, 7.4],
			"to": [4, 5.7, 9.3],
			"rotation": {"angle": 0, "axis": "x", "origin": [8, 0.5, 11]},
			"faces": {
				"north": {"uv": [0, 0, 0.5, 0.5], "rotation": 180, "texture": "#0"},
				"east": {"uv": [0, 0, 0.5, 1.9], "rotation": 270, "texture": "#0"},
				"south": {"uv": [0, 0, 0.5, 0.5], "texture": "#0"},
				"west": {"uv": [0, 0, 0.5, 1.9], "rotation": 90, "texture": "#0"},
				"up": {"uv": [0, 0, 0.5, 1.9], "rotation": 180, "texture": "#0"},
				"down": {"uv": [0, 0, 0.5, 1.9], "texture": "#0"}
			}
		},
		{
			"from": [3.5, 9.2, 7.4],
			"to": [4, 9.7, 9.3],
			"rotation": {"angle": 0, "axis": "x", "origin": [8, 4.5, 11]},
			"faces": {
				"north": {"uv": [0, 0, 0.5, 0.5], "rotation": 180, "texture": "#0"},
				"east": {"uv": [0, 0, 0.5, 1.9], "rotation": 270, "texture": "#0"},
				"south": {"uv": [0, 0, 0.5, 0.5], "texture": "#0"},
				"west": {"uv": [0, 0, 0.5, 1.9], "rotation": 90, "texture": "#0"},
				"up": {"uv": [0, 0, 0.5, 1.9], "rotation": 180, "texture": "#0"},
				"down": {"uv": [0, 0, 0.5, 1.9], "texture": "#0"}
			}
		},
		{
			"from": [4, 1.1, 7.5],
			"to": [11.3, 13.8, 9.2],
			"rotation": {"angle": 0, "axis": "x", "origin": [8, 8, 11]},
			"faces": {
				"north": {"uv": [0, 0, 7.3, 12.7], "rotation": 180, "texture": "#missing"},
				"east": {"uv": [14.222, 1.976, 16, 15.976], "rotation": 180, "texture": "#1"},
				"south": {"uv": [0, 0, 7.3, 12.7], "texture": "#missing"},
				"west": {"uv": [0, 0, 12.7, 1.7], "rotation": 90, "texture": "#missing"},
				"up": {"uv": [14.222, 0.396, 16, 8.864], "rotation": 270, "texture": "#1"},
				"down": {"uv": [14.222, 0.396, 16, 8.864], "rotation": 270, "texture": "#1"}
			}
		},
		{
			"from": [4, 1, 9.2],
			"to": [12, 14, 9.5],
			"rotation": {"angle": 0, "axis": "x", "origin": [8, 8, 11]},
			"faces": {
				"north": {"uv": [4, 2, 12, 15], "rotation": 180, "texture": "#0"},
				"east": {"uv": [3, 0, 16, 0.3], "rotation": 270, "texture": "#0"},
				"south": {"uv": [4, 2, 12, 15], "texture": "#0"},
				"west": {"uv": [1, 2, 14, 2.3], "rotation": 90, "texture": "#0"},
				"up": {"uv": [3, 0, 11, 0.3], "rotation": 180, "texture": "#0"},
				"down": {"uv": [8, 0, 16, 0.3], "texture": "#0"}
			}
		},
		{
			"from": [6.8, 5.8, 7.1],
			"to": [7.4, 10, 7.4],
			"rotation": {"angle": 0, "axis": "y", "origin": [8, 7.9, 7.25]},
			"faces": {
				"north": {"uv": [1, 4, 8, 5], "rotation": 270, "texture": "#2"},
				"east": {"uv": [8, 3.5, 15, 4], "rotation": 270, "texture": "#2"},
				"south": {"uv": [8, 4, 15, 5], "rotation": 270, "texture": "#2"},
				"west": {"uv": [8, 12, 15, 12.5], "rotation": 90, "texture": "#2"},
				"up": {"uv": [3.5, 4, 4, 5], "rotation": 90, "texture": "#2"},
				"down": {"uv": [12, 4, 12.5, 5], "texture": "#2"}
			}
		},
		{
			"from": [7.4, 7, 7.1],
			"to": [8.6, 7.6, 7.4],
			"rotation": {"angle": 0, "axis": "y", "origin": [8, 7.9, 7.25]},
			"faces": {
				"north": {"uv": [2, 2, 5, 3], "rotation": 180, "texture": "#2"},
				"east": {"uv": [3.5, 2, 4, 3], "rotation": 180, "texture": "#2"},
				"south": {"uv": [11, 2, 13, 3], "texture": "#2"},
				"west": {"uv": [12, 2, 12.5, 3], "rotation": 90, "texture": "#2"},
				"up": {"uv": [11, 12, 14, 12.5], "rotation": 180, "texture": "#2"},
				"down": {"uv": [11, 3.5, 14, 4], "texture": "#2"}
			}
		},
		{
			"from": [7.4, 8.2, 7.1],
			"to": [8.6, 8.8, 7.4],
			"rotation": {"angle": 0, "axis": "y", "origin": [8, 7.9, 7.25]},
			"faces": {
				"north": {"uv": [4, 6, 6, 7], "rotation": 180, "texture": "#2"},
				"east": {"uv": [3.5, 6, 4, 7], "rotation": 180, "texture": "#2"},
				"south": {"uv": [10, 6, 12, 7], "texture": "#2"},
				"west": {"uv": [12, 6, 12.5, 7], "rotation": 90, "texture": "#2"},
				"up": {"uv": [10, 12, 12, 12.5], "rotation": 180, "texture": "#2"},
				"down": {"uv": [10, 3.5, 12, 4], "texture": "#2"}
			}
		},
		{
			"from": [8.6, 5.8, 7.1],
			"to": [9.2, 10, 7.4],
			"rotation": {"angle": 0, "axis": "y", "origin": [8, 7.9, 7.25]},
			"faces": {
				"north": {"uv": [1, 4, 8, 5], "rotation": 270, "texture": "#2"},
				"east": {"uv": [8, 3.5, 15, 4], "rotation": 270, "texture": "#2"},
				"south": {"uv": [8, 4, 15, 5], "rotation": 270, "texture": "#2"},
				"west": {"uv": [8, 12, 15, 12.5], "rotation": 90, "texture": "#2"},
				"up": {"uv": [3.5, 4, 4, 5], "rotation": 90, "texture": "#2"},
				"down": {"uv": [12, 4, 12.5, 5], "texture": "#2"}
			}
		},
		{
			"from": [11.1, 11.1, 9.1],
			"to": [12.1, 14.1, 9.6],
			"rotation": {"angle": 0, "axis": "x", "origin": [8, 8, 11]},
			"faces": {
				"north": {"uv": [4, 2, 5, 5], "rotation": 180, "texture": "#2"},
				"east": {"uv": [6, 1, 6.5, 4], "rotation": 180, "texture": "#2"},
				"south": {"uv": [11, 2, 12, 5], "texture": "#2"},
				"west": {"uv": [9.1, 1.9, 9.6, 4.9], "rotation": 90, "texture": "#2"},
				"up": {"uv": [11.1, 9.1, 12.1, 9.6], "rotation": 180, "texture": "#2"},
				"down": {"uv": [11.1, 6.4, 12.1, 6.9], "texture": "#2"}
			}
		},
		{
			"from": [6.9, 5.8, 9.3],
			"to": [7.5, 10, 9.6],
			"rotation": {"angle": 0, "axis": "y", "origin": [8.1, 7.9, 9.45]},
			"faces": {
				"north": {"uv": [1, 4, 8, 5], "rotation": 270, "texture": "#2"},
				"east": {"uv": [8, 3.5, 15, 4], "rotation": 270, "texture": "#2"},
				"south": {"uv": [8, 4, 15, 5], "rotation": 270, "texture": "#2"},
				"west": {"uv": [8, 12, 15, 12.5], "rotation": 90, "texture": "#2"},
				"up": {"uv": [3.5, 4, 4, 5], "rotation": 90, "texture": "#2"},
				"down": {"uv": [12, 4, 12.5, 5], "texture": "#2"}
			}
		},
		{
			"from": [8.7, 5.8, 9.3],
			"to": [9.3, 10, 9.6],
			"rotation": {"angle": 0, "axis": "y", "origin": [8.1, 7.9, 9.45]},
			"faces": {
				"north": {"uv": [1, 4, 8, 5], "rotation": 270, "texture": "#2"},
				"east": {"uv": [8, 3.5, 15, 4], "rotation": 270, "texture": "#2"},
				"south": {"uv": [8, 4, 15, 5], "rotation": 270, "texture": "#2"},
				"west": {"uv": [8, 12, 15, 12.5], "rotation": 90, "texture": "#2"},
				"up": {"uv": [3.5, 4, 4, 5], "rotation": 90, "texture": "#2"},
				"down": {"uv": [12, 4, 12.5, 5], "texture": "#2"}
			}
		},
		{
			"from": [7.5, 8.2, 9.3],
			"to": [8.7, 8.8, 9.6],
			"rotation": {"angle": 0, "axis": "y", "origin": [8.1, 7.9, 9.45]},
			"faces": {
				"north": {"uv": [4, 6, 6, 7], "rotation": 180, "texture": "#2"},
				"east": {"uv": [3.5, 6, 4, 7], "rotation": 180, "texture": "#2"},
				"south": {"uv": [10, 6, 12, 7], "texture": "#2"},
				"west": {"uv": [12, 6, 12.5, 7], "rotation": 90, "texture": "#2"},
				"up": {"uv": [10, 12, 12, 12.5], "rotation": 180, "texture": "#2"},
				"down": {"uv": [10, 3.5, 12, 4], "texture": "#2"}
			}
		},
		{
			"from": [7.5, 7, 9.3],
			"to": [8.7, 7.6, 9.6],
			"rotation": {"angle": 0, "axis": "y", "origin": [8.1, 7.9, 9.45]},
			"faces": {
				"north": {"uv": [2, 2, 5, 3], "rotation": 180, "texture": "#2"},
				"east": {"uv": [3.5, 2, 4, 3], "rotation": 180, "texture": "#2"},
				"south": {"uv": [11, 2, 13, 3], "texture": "#2"},
				"west": {"uv": [12, 2, 12.5, 3], "rotation": 90, "texture": "#2"},
				"up": {"uv": [11, 12, 14, 12.5], "rotation": 180, "texture": "#2"},
				"down": {"uv": [11, 3.5, 14, 4], "texture": "#2"}
			}
		},
		{
			"from": [3.9, 11.1, 9.1],
			"to": [4.9, 14.1, 9.6],
			"rotation": {"angle": 0, "axis": "x", "origin": [8, 8, 11]},
			"faces": {
				"north": {"uv": [5, 2, 4, 5], "rotation": 180, "texture": "#2"},
				"east": {"uv": [9.1, 4.9, 9.6, 1.9], "rotation": 90, "texture": "#2"},
				"south": {"uv": [12, 2, 11, 5], "texture": "#2"},
				"west": {"uv": [6.5, 1, 6, 4], "rotation": 180, "texture": "#2"},
				"up": {"uv": [12.1, 9.1, 11.1, 9.6], "rotation": 180, "texture": "#2"},
				"down": {"uv": [12.1, 6.4, 11.1, 6.9], "texture": "#2"}
			}
		},
		{
			"from": [9.1, 0.9, 9.1],
			"to": [12.1, 1.9, 9.6],
			"rotation": {"angle": 0, "axis": "z", "origin": [6, 5, 9]},
			"faces": {
				"north": {"uv": [4, 2, 5, 5], "rotation": 90, "texture": "#2"},
				"east": {"uv": [11.1, 9.1, 12.1, 9.6], "rotation": 270, "texture": "#2"},
				"south": {"uv": [11, 2, 12, 5], "rotation": 90, "texture": "#2"},
				"west": {"uv": [11.1, 6.4, 12.1, 6.9], "rotation": 90, "texture": "#2"},
				"up": {"uv": [9.1, 1.9, 9.6, 4.9], "rotation": 180, "texture": "#2"},
				"down": {"uv": [6, 1, 6.5, 4], "rotation": 270, "texture": "#2"}
			}
		},
		{
			"from": [3.9, 0.9, 9.1],
			"to": [6.9, 1.9, 9.6],
			"rotation": {"angle": 0, "axis": "z", "origin": [10, 5, 9]},
			"faces": {
				"north": {"uv": [4, 5, 5, 2], "rotation": 90, "texture": "#2"},
				"east": {"uv": [11.1, 6.9, 12.1, 6.4], "rotation": 90, "texture": "#2"},
				"south": {"uv": [11, 5, 12, 2], "rotation": 90, "texture": "#2"},
				"west": {"uv": [11.1, 9.6, 12.1, 9.1], "rotation": 270, "texture": "#2"},
				"up": {"uv": [9.6, 1.9, 9.1, 4.9], "rotation": 180, "texture": "#2"},
				"down": {"uv": [6, 4, 6.5, 1], "rotation": 270, "texture": "#2"}
			}
		},
		{
			"from": [11.1, 11.1, 7.1],
			"to": [12.1, 14.1, 7.6],
			"rotation": {"angle": 0, "axis": "x", "origin": [8, 8, 9]},
			"faces": {
				"north": {"uv": [4, 2, 5, 5], "rotation": 180, "texture": "#2"},
				"east": {"uv": [6, 2, 6.5, 5], "rotation": 180, "texture": "#2"},
				"south": {"uv": [11, 2, 12, 5], "texture": "#2"},
				"west": {"uv": [9.1, 1.9, 9.6, 4.9], "rotation": 90, "texture": "#2"},
				"up": {"uv": [11.1, 9.1, 12.1, 9.6], "rotation": 180, "texture": "#2"},
				"down": {"uv": [11.1, 6.4, 12.1, 6.9], "texture": "#2"}
			}
		},
		{
			"from": [3.9, 11.1, 7.1],
			"to": [4.9, 14.1, 7.6],
			"rotation": {"angle": 0, "axis": "x", "origin": [8, 8, 9]},
			"faces": {
				"north": {"uv": [5, 2, 4, 5], "rotation": 180, "texture": "#2"},
				"east": {"uv": [9.1, 4.9, 9.6, 1.9], "rotation": 90, "texture": "#2"},
				"south": {"uv": [12, 2, 11, 5], "texture": "#2"},
				"west": {"uv": [6.5, 2, 6, 5], "rotation": 180, "texture": "#2"},
				"up": {"uv": [12.1, 9.1, 11.1, 9.6], "rotation": 180, "texture": "#2"},
				"down": {"uv": [12.1, 6.4, 11.1, 6.9], "texture": "#2"}
			}
		},
		{
			"from": [3.525, 11.1, 7.475],
			"to": [4.125, 14.1, 9.225],
			"rotation": {"angle": 0, "axis": "x", "origin": [8, 8, 9]},
			"faces": {
				"north": {"uv": [5, 2, 4, 5], "rotation": 180, "texture": "#2"},
				"east": {"uv": [9.1, 4.9, 9.6, 1.9], "rotation": 90, "texture": "#2"},
				"south": {"uv": [12, 2, 11, 5], "texture": "#2"},
				"west": {"uv": [5, 1, 7, 4], "rotation": 180, "texture": "#2"},
				"up": {"uv": [12.1, 9.1, 11.1, 9.6], "rotation": 180, "texture": "#2"},
				"down": {"uv": [12.1, 6.4, 11.1, 6.9], "texture": "#2"}
			}
		},
		{
			"from": [3.525, 0.9, 7.475],
			"to": [4.125, 3.9, 9.225],
			"rotation": {"angle": 0, "axis": "x", "origin": [8, 8, 9]},
			"faces": {
				"north": {"uv": [5, 2, 4, 5], "rotation": 180, "texture": "#2"},
				"east": {"uv": [9.1, 4.9, 9.6, 1.9], "rotation": 90, "texture": "#2"},
				"south": {"uv": [12, 2, 11, 5], "texture": "#2"},
				"west": {"uv": [5, 1, 7, 4], "rotation": 180, "texture": "#2"},
				"up": {"uv": [12.1, 9.1, 11.1, 9.6], "rotation": 180, "texture": "#2"},
				"down": {"uv": [12.1, 6.4, 11.1, 6.9], "texture": "#2"}
			}
		},
		{
			"from": [9.1, 0.9, 7.1],
			"to": [12.1, 1.9, 7.6],
			"rotation": {"angle": 0, "axis": "z", "origin": [6, 5, 9]},
			"faces": {
				"north": {"uv": [4, 2, 5, 5], "rotation": 90, "texture": "#2"},
				"east": {"uv": [11.1, 9.1, 12.1, 9.6], "rotation": 270, "texture": "#2"},
				"south": {"uv": [11, 2, 12, 5], "rotation": 90, "texture": "#2"},
				"west": {"uv": [11.1, 6.4, 12.1, 6.9], "rotation": 90, "texture": "#2"},
				"up": {"uv": [9.1, 1.9, 9.6, 4.9], "rotation": 180, "texture": "#2"},
				"down": {"uv": [6, 2, 6.5, 5], "rotation": 270, "texture": "#2"}
			}
		},
		{
			"from": [3.9, 0.9, 7.1],
			"to": [6.9, 1.9, 7.6],
			"rotation": {"angle": 0, "axis": "z", "origin": [10, 5, 9]},
			"faces": {
				"north": {"uv": [4, 5, 5, 2], "rotation": 90, "texture": "#2"},
				"east": {"uv": [11.1, 6.9, 12.1, 6.4], "rotation": 90, "texture": "#2"},
				"south": {"uv": [11, 5, 12, 2], "rotation": 90, "texture": "#2"},
				"west": {"uv": [11.1, 9.6, 12.1, 9.1], "rotation": 270, "texture": "#2"},
				"up": {"uv": [9.6, 1.9, 9.1, 4.9], "rotation": 180, "texture": "#2"},
				"down": {"uv": [6, 5, 6.5, 2], "rotation": 270, "texture": "#2"}
			}
		},
		{
			"from": [10.1, 12.1, 9.1],
			"to": [11.1, 13.1, 9.6],
			"rotation": {"angle": 0, "axis": "x", "origin": [8, 8, 11]},
			"faces": {
				"north": {"uv": [4.9, 2.9, 5.9, 3.9], "rotation": 180, "texture": "#2"},
				"east": {"uv": [6.4, 2.9, 6.9, 3.9], "rotation": 270, "texture": "#2"},
				"south": {"uv": [10, 3, 11, 4], "texture": "#2"},
				"west": {"uv": [9.1, 2.9, 9.6, 3.9], "rotation": 90, "texture": "#2"},
				"up": {"uv": [10.1, 9.1, 11.1, 9.6], "rotation": 180, "texture": "#2"},
				"down": {"uv": [10.1, 6.4, 11.1, 6.9], "texture": "#2"}
			}
		},
		{
			"from": [4.9, 12.1, 9.1],
			"to": [5.9, 13.1, 9.6],
			"rotation": {"angle": 0, "axis": "x", "origin": [8, 8, 11]},
			"faces": {
				"north": {"uv": [5.9, 2.9, 4.9, 3.9], "rotation": 180, "texture": "#2"},
				"east": {"uv": [9.1, 3.9, 9.6, 2.9], "rotation": 90, "texture": "#2"},
				"south": {"uv": [11, 3, 10, 4], "texture": "#2"},
				"west": {"uv": [6.4, 3.9, 6.9, 2.9], "rotation": 270, "texture": "#2"},
				"up": {"uv": [11.1, 9.1, 10.1, 9.6], "rotation": 180, "texture": "#2"},
				"down": {"uv": [11.1, 6.4, 10.1, 6.9], "texture": "#2"}
			}
		},
		{
			"from": [10.1, 1.9, 9.1],
			"to": [11.1, 2.9, 9.6],
			"rotation": {"angle": 0, "axis": "z", "origin": [6, 5, 9]},
			"faces": {
				"north": {"uv": [4.9, 2.9, 5.9, 3.9], "rotation": 90, "texture": "#2"},
				"east": {"uv": [10.1, 9.1, 11.1, 9.6], "rotation": 270, "texture": "#2"},
				"south": {"uv": [10, 3, 11, 4], "rotation": 90, "texture": "#2"},
				"west": {"uv": [10.1, 6.4, 11.1, 6.9], "rotation": 90, "texture": "#2"},
				"up": {"uv": [9.1, 2.9, 9.6, 3.9], "rotation": 180, "texture": "#2"},
				"down": {"uv": [6.4, 2.9, 6.9, 3.9], "texture": "#2"}
			}
		},
		{
			"from": [4.9, 1.9, 9.1],
			"to": [5.9, 2.9, 9.6],
			"rotation": {"angle": 0, "axis": "z", "origin": [10, 5, 9]},
			"faces": {
				"north": {"uv": [4.9, 3.9, 5.9, 2.9], "rotation": 90, "texture": "#2"},
				"east": {"uv": [10.1, 6.9, 11.1, 6.4], "rotation": 90, "texture": "#2"},
				"south": {"uv": [10, 4, 11, 3], "rotation": 90, "texture": "#2"},
				"west": {"uv": [10.1, 9.6, 11.1, 9.1], "rotation": 270, "texture": "#2"},
				"up": {"uv": [9.6, 2.9, 9.1, 3.9], "rotation": 180, "texture": "#2"},
				"down": {"uv": [6.9, 2.9, 6.4, 3.9], "texture": "#2"}
			}
		},
		{
			"from": [10.1, 12.1, 7.1],
			"to": [11.1, 13.1, 7.6],
			"rotation": {"angle": 0, "axis": "x", "origin": [8, 8, 9]},
			"faces": {
				"north": {"uv": [5, 3, 6, 4], "rotation": 180, "texture": "#2"},
				"east": {"uv": [6.4, 2.9, 6.9, 3.9], "rotation": 270, "texture": "#2"},
				"south": {"uv": [10, 3, 11, 4], "texture": "#2"},
				"west": {"uv": [9.1, 2.9, 9.6, 3.9], "rotation": 90, "texture": "#2"},
				"up": {"uv": [10.1, 9.1, 11.1, 9.6], "rotation": 180, "texture": "#2"},
				"down": {"uv": [10.1, 6.4, 11.1, 6.9], "texture": "#2"}
			}
		},
		{
			"from": [4.9, 12.1, 7.1],
			"to": [5.9, 13.1, 7.6],
			"rotation": {"angle": 0, "axis": "x", "origin": [8, 8, 9]},
			"faces": {
				"north": {"uv": [6, 3, 5, 4], "rotation": 180, "texture": "#2"},
				"east": {"uv": [9.1, 3.9, 9.6, 2.9], "rotation": 90, "texture": "#2"},
				"south": {"uv": [11, 3, 10, 4], "texture": "#2"},
				"west": {"uv": [6.4, 3.9, 6.9, 2.9], "rotation": 270, "texture": "#2"},
				"up": {"uv": [11.1, 9.1, 10.1, 9.6], "rotation": 180, "texture": "#2"},
				"down": {"uv": [11.1, 6.4, 10.1, 6.9], "texture": "#2"}
			}
		},
		{
			"from": [10.1, 1.9, 7.1],
			"to": [11.1, 2.9, 7.6],
			"rotation": {"angle": 0, "axis": "z", "origin": [6, 5, 9]},
			"faces": {
				"north": {"uv": [5, 3, 6, 4], "rotation": 90, "texture": "#2"},
				"east": {"uv": [10.1, 9.1, 11.1, 9.6], "rotation": 270, "texture": "#2"},
				"south": {"uv": [10, 3, 11, 4], "rotation": 90, "texture": "#2"},
				"west": {"uv": [10.1, 6.4, 11.1, 6.9], "rotation": 90, "texture": "#2"},
				"up": {"uv": [9.1, 2.9, 9.6, 3.9], "rotation": 180, "texture": "#2"},
				"down": {"uv": [6.4, 2.9, 6.9, 3.9], "texture": "#2"}
			}
		},
		{
			"from": [4.9, 1.9, 7.1],
			"to": [5.9, 2.9, 7.6],
			"rotation": {"angle": 0, "axis": "z", "origin": [10, 5, 9]},
			"faces": {
				"north": {"uv": [5, 4, 6, 3], "rotation": 90, "texture": "#2"},
				"east": {"uv": [10.1, 6.9, 11.1, 6.4], "rotation": 90, "texture": "#2"},
				"south": {"uv": [10, 4, 11, 3], "rotation": 90, "texture": "#2"},
				"west": {"uv": [10.1, 9.6, 11.1, 9.1], "rotation": 270, "texture": "#2"},
				"up": {"uv": [9.6, 2.9, 9.1, 3.9], "rotation": 180, "texture": "#2"},
				"down": {"uv": [6.9, 2.9, 6.4, 3.9], "texture": "#2"}
			}
		},
		{
			"from": [9.1, 13.1, 9.1],
			"to": [11.1, 14.1, 9.6],
			"rotation": {"angle": 0, "axis": "x", "origin": [8, 8, 11]},
			"faces": {
				"north": {"uv": [5, 2, 7, 3], "rotation": 180, "texture": "#2"},
				"east": {"uv": [6.4, 1.9, 6.9, 2.9], "rotation": 270, "texture": "#2"},
				"south": {"uv": [9, 2, 11, 3], "texture": "#2"},
				"west": {"uv": [9.1, 1.9, 9.6, 2.9], "rotation": 90, "texture": "#2"},
				"up": {"uv": [9.1, 9.1, 11.1, 9.6], "rotation": 180, "texture": "#2"},
				"down": {"uv": [9.1, 6.4, 11.1, 6.9], "texture": "#2"}
			}
		},
		{
			"from": [4.9, 13.1, 9.1],
			"to": [6.9, 14.1, 9.6],
			"rotation": {"angle": 0, "axis": "x", "origin": [8, 8, 11]},
			"faces": {
				"north": {"uv": [7, 2, 5, 3], "rotation": 180, "texture": "#2"},
				"east": {"uv": [9.1, 2.9, 9.6, 1.9], "rotation": 90, "texture": "#2"},
				"south": {"uv": [11, 2, 9, 3], "texture": "#2"},
				"west": {"uv": [6.4, 2.9, 6.9, 1.9], "rotation": 270, "texture": "#2"},
				"up": {"uv": [11.1, 9.1, 9.1, 9.6], "rotation": 180, "texture": "#2"},
				"down": {"uv": [11.1, 6.4, 9.1, 6.9], "texture": "#2"}
			}
		},
		{
			"from": [11.1, 1.9, 9.1],
			"to": [12.1, 3.9, 9.6],
			"rotation": {"angle": 0, "axis": "z", "origin": [6, 5, 9]},
			"faces": {
				"north": {"uv": [5, 2, 7, 3], "rotation": 90, "texture": "#2"},
				"east": {"uv": [9.1, 9.1, 11.1, 9.6], "rotation": 270, "texture": "#2"},
				"south": {"uv": [9, 2, 11, 3], "rotation": 90, "texture": "#2"},
				"west": {"uv": [9.1, 6.4, 11.1, 6.9], "rotation": 90, "texture": "#2"},
				"up": {"uv": [9.1, 1.9, 9.6, 2.9], "rotation": 180, "texture": "#2"},
				"down": {"uv": [6.4, 1.9, 6.9, 2.9], "texture": "#2"}
			}
		},
		{
			"from": [3.9, 1.9, 9.1],
			"to": [4.9, 3.9, 9.6],
			"rotation": {"angle": 0, "axis": "z", "origin": [10, 5, 9]},
			"faces": {
				"north": {"uv": [5, 3, 7, 2], "rotation": 90, "texture": "#2"},
				"east": {"uv": [9.1, 6.9, 11.1, 6.4], "rotation": 90, "texture": "#2"},
				"south": {"uv": [9, 3, 11, 2], "rotation": 90, "texture": "#2"},
				"west": {"uv": [9.1, 9.6, 11.1, 9.1], "rotation": 270, "texture": "#2"},
				"up": {"uv": [9.6, 1.9, 9.1, 2.9], "rotation": 180, "texture": "#2"},
				"down": {"uv": [6.9, 1.9, 6.4, 2.9], "texture": "#2"}
			}
		},
		{
			"from": [9.1, 13.1, 7.1],
			"to": [11.1, 14.1, 7.6],
			"rotation": {"angle": 0, "axis": "x", "origin": [8, 8, 9]},
			"faces": {
				"north": {"uv": [5, 2, 7, 3], "rotation": 180, "texture": "#2"},
				"east": {"uv": [6.4, 1.9, 6.9, 2.9], "rotation": 270, "texture": "#2"},
				"south": {"uv": [9, 2, 11, 3], "texture": "#2"},
				"west": {"uv": [9.1, 1.9, 9.6, 2.9], "rotation": 90, "texture": "#2"},
				"up": {"uv": [9.1, 9.1, 11.1, 9.6], "rotation": 180, "texture": "#2"},
				"down": {"uv": [9.1, 6.4, 11.1, 6.9], "texture": "#2"}
			}
		},
		{
			"from": [4.9, 13.1, 7.1],
			"to": [6.9, 14.1, 7.6],
			"rotation": {"angle": 0, "axis": "x", "origin": [8, 8, 9]},
			"faces": {
				"north": {"uv": [7, 2, 5, 3], "rotation": 180, "texture": "#2"},
				"east": {"uv": [9.1, 2.9, 9.6, 1.9], "rotation": 90, "texture": "#2"},
				"south": {"uv": [11, 2, 9, 3], "texture": "#2"},
				"west": {"uv": [6.4, 2.9, 6.9, 1.9], "rotation": 270, "texture": "#2"},
				"up": {"uv": [11.1, 9.1, 9.1, 9.6], "rotation": 180, "texture": "#2"},
				"down": {"uv": [11.1, 6.4, 9.1, 6.9], "texture": "#2"}
			}
		},
		{
			"from": [11.1, 1.9, 7.1],
			"to": [12.1, 3.9, 7.6],
			"rotation": {"angle": 0, "axis": "z", "origin": [6, 5, 9]},
			"faces": {
				"north": {"uv": [5, 2, 7, 3], "rotation": 90, "texture": "#2"},
				"east": {"uv": [9.1, 9.1, 11.1, 9.6], "rotation": 270, "texture": "#2"},
				"south": {"uv": [9, 2, 11, 3], "rotation": 90, "texture": "#2"},
				"west": {"uv": [9.1, 6.4, 11.1, 6.9], "rotation": 90, "texture": "#2"},
				"up": {"uv": [9.1, 1.9, 9.6, 2.9], "rotation": 180, "texture": "#2"},
				"down": {"uv": [6.4, 1.9, 6.9, 2.9], "texture": "#2"}
			}
		},
		{
			"from": [3.9, 1.9, 7.1],
			"to": [4.9, 3.9, 7.6],
			"rotation": {"angle": 0, "axis": "z", "origin": [10, 5, 9]},
			"faces": {
				"north": {"uv": [5, 3, 7, 2], "rotation": 90, "texture": "#2"},
				"east": {"uv": [9.1, 6.9, 11.1, 6.4], "rotation": 90, "texture": "#2"},
				"south": {"uv": [9, 3, 11, 2], "rotation": 90, "texture": "#2"},
				"west": {"uv": [9.1, 9.6, 11.1, 9.1], "rotation": 270, "texture": "#2"},
				"up": {"uv": [9.6, 1.9, 9.1, 2.9], "rotation": 180, "texture": "#2"},
				"down": {"uv": [6.9, 1.9, 6.4, 2.9], "texture": "#2"}
			}
		},
		{
			"from": [4.7, 1.5, 9],
			"to": [5.7, 14.2, 9.7],
			"faces": {
				"north": {"uv": [0, 0, 1, 12.7], "texture": "#3"},
				"east": {"uv": [0, 0, 0.7, 12.7], "texture": "#3"},
				"south": {"uv": [0, 0, 1, 12.7], "texture": "#3"},
				"west": {"uv": [0, 0, 0.7, 12.7], "texture": "#3"},
				"up": {"uv": [0, 0, 1, 0.7], "texture": "#3"},
				"down": {"uv": [0, 0, 1, 0.7], "texture": "#3"}
			}
		},
		{
			"from": [4.7, -1.5, 9.5],
			"to": [5.7, 1.5, 9.7],
			"faces": {
				"north": {"uv": [0, 0, 1, 3], "texture": "#3"},
				"east": {"uv": [0, 0, 0.2, 3], "texture": "#3"},
				"south": {"uv": [0, 0, 1, 3], "texture": "#3"},
				"west": {"uv": [0, 0, 0.2, 3], "texture": "#3"},
				"up": {"uv": [0, 0, 1, 0.2], "texture": "#3"},
				"down": {"uv": [0, 0, 1, 0.2], "texture": "#3"}
			}
		},
		{
			"from": [4.6, -0.3, 9.4],
			"to": [5.8, 0.5, 9.8],
			"faces": {
				"north": {"uv": [0, 0, 1.2, 0.8], "texture": "#2"},
				"east": {"uv": [0, 0, 0.4, 0.8], "texture": "#2"},
				"south": {"uv": [0, 0, 1.2, 0.8], "texture": "#2"},
				"west": {"uv": [0, 0, 0.4, 0.8], "texture": "#2"},
				"up": {"uv": [0, 0, 1.2, 0.4], "texture": "#2"},
				"down": {"uv": [0, 0, 1.2, 0.4], "texture": "#2"}
			}
		},
		{
			"from": [8.05203, 9.45208, 8.6],
			"to": [10.75203, 12.75208, 8.8],
			"rotation": {"angle": -22.5, "axis": "z", "origin": [9.70203, 7.90208, 8.5]},
			"faces": {
				"north": {"uv": [0, 0, 2.164, 12.7], "rotation": 270, "texture": "#1"},
				"east": {"uv": [14.222, 0.396, 14.422, 7.696], "rotation": 180, "texture": "#1"},
				"south": {"uv": [0, 0, 2.164, 12.7], "rotation": 270, "texture": "#1"},
				"west": {"uv": [14.222, 0.396, 14.422, 7.696], "rotation": 180, "texture": "#1"},
				"up": {"uv": [0.197, 2.173, 0.397, 14.873], "rotation": 90, "texture": "#1"},
				"down": {"uv": [0, 0, 12.7, 0.2], "texture": "#1"}
			}
		},
		{
			"from": [9.05203, 7.05208, 7.8],
			"to": [11.75203, 10.35208, 8],
			"rotation": {"angle": -22.5, "axis": "z", "origin": [9.70203, 7.90208, 8.5]},
			"faces": {
				"north": {"uv": [0, 0, 2.164, 12.7], "rotation": 270, "texture": "#1"},
				"east": {"uv": [14.222, 0.396, 14.422, 7.696], "rotation": 180, "texture": "#1"},
				"south": {"uv": [0, 0, 2.164, 12.7], "rotation": 270, "texture": "#1"},
				"west": {"uv": [14.222, 0.396, 14.422, 7.696], "rotation": 180, "texture": "#1"},
				"up": {"uv": [0.197, 2.173, 0.397, 14.873], "rotation": 90, "texture": "#1"},
				"down": {"uv": [0, 0, 12.7, 0.2], "texture": "#1"}
			}
		},
		{
			"from": [7.83438, 11.01254, 7.8],
			"to": [10.53438, 14.31254, 8],
			"rotation": {"angle": 22.5, "axis": "z", "origin": [9.18438, 12.66254, 7.9]},
			"faces": {
				"north": {"uv": [0, 0, 2.164, 12.7], "rotation": 270, "texture": "#1"},
				"east": {"uv": [14.222, 0.396, 14.422, 7.696], "rotation": 180, "texture": "#1"},
				"south": {"uv": [0, 0, 2.164, 12.7], "rotation": 270, "texture": "#1"},
				"west": {"uv": [14.222, 0.396, 14.422, 7.696], "rotation": 180, "texture": "#1"},
				"up": {"uv": [0.197, 2.173, 0.397, 14.873], "rotation": 90, "texture": "#1"},
				"down": {"uv": [0, 0, 12.7, 0.2], "texture": "#1"}
			}
		},
		{
			"from": [3.35203, 9.75208, 8.6],
			"to": [6.65203, 12.45208, 8.8],
			"rotation": {"angle": -22.5, "axis": "z", "origin": [9.70203, 7.90208, 8.5]},
			"faces": {
				"north": {"uv": [0, 0, 2.164, 12.7], "texture": "#1"},
				"east": {"uv": [0, 0, 12.7, 0.2], "rotation": 270, "texture": "#1"},
				"south": {"uv": [0, 0, 2.164, 12.7], "rotation": 180, "texture": "#1"},
				"west": {"uv": [0.197, 2.173, 0.397, 14.873], "texture": "#1"},
				"up": {"uv": [14.222, 0.396, 14.422, 7.696], "rotation": 90, "texture": "#1"},
				"down": {"uv": [14.222, 0.396, 14.422, 7.696], "rotation": 90, "texture": "#1"}
			}
		},
		{
			"from": [7.05203, 2.05208, 8.4],
			"to": [10.35203, 8.75208, 8.6],
			"rotation": {"angle": 22.5, "axis": "z", "origin": [9.70203, 7.90208, 8.5]},
			"faces": {
				"north": {"uv": [0, 0, 2.164, 12.7], "rotation": 180, "texture": "#1"},
				"east": {"uv": [0.197, 2.173, 0.397, 14.873], "rotation": 180, "texture": "#1"},
				"south": {"uv": [0, 0, 2.164, 12.7], "texture": "#1"},
				"west": {"uv": [0, 0, 12.7, 0.2], "rotation": 90, "texture": "#1"},
				"up": {"uv": [14.222, 0.396, 14.422, 7.696], "rotation": 270, "texture": "#1"},
				"down": {"uv": [14.222, 0.396, 14.422, 7.696], "rotation": 270, "texture": "#1"}
			}
		},
		{
			"from": [7.83438, 0.81254, 7.8],
			"to": [10.53438, 4.11254, 8],
			"rotation": {"angle": 22.5, "axis": "z", "origin": [9.18438, 2.46254, 7.9]},
			"faces": {
				"north": {"uv": [0, 0, 2.164, 12.7], "rotation": 270, "texture": "#1"},
				"east": {"uv": [14.222, 0.396, 14.422, 7.696], "rotation": 180, "texture": "#1"},
				"south": {"uv": [0, 0, 2.164, 12.7], "rotation": 270, "texture": "#1"},
				"west": {"uv": [14.222, 0.396, 14.422, 7.696], "rotation": 180, "texture": "#1"},
				"up": {"uv": [0.197, 2.173, 0.397, 14.873], "rotation": 90, "texture": "#1"},
				"down": {"uv": [0, 0, 12.7, 0.2], "texture": "#1"}
			}
		},
		{
			"from": [3.35203, -0.44792, 8.6],
			"to": [6.65203, 2.25208, 8.8],
			"rotation": {"angle": -22.5, "axis": "z", "origin": [9.70203, -2.29792, 8.5]},
			"faces": {
				"north": {"uv": [0, 0, 2.164, 12.7], "texture": "#1"},
				"east": {"uv": [0, 0, 12.7, 0.2], "rotation": 270, "texture": "#1"},
				"south": {"uv": [0, 0, 2.164, 12.7], "rotation": 180, "texture": "#1"},
				"west": {"uv": [0.197, 2.173, 0.397, 14.873], "texture": "#1"},
				"up": {"uv": [14.222, 0.396, 14.422, 7.696], "rotation": 90, "texture": "#1"},
				"down": {"uv": [14.222, 0.396, 14.422, 7.696], "rotation": 90, "texture": "#1"}
			}
		}
	],
	"display": {
		"thirdperson_righthand": {
			"rotation": [0, -90, 0],
			"translation": [0, 0, -1.25],
			"scale": [0.56, 0.56, 0.56]
		},
		"thirdperson_lefthand": {
			"rotation": [0, -90, 0],
			"translation": [0.25, 0, -1.25],
			"scale": [0.56, 0.56, 0.56]
		},
		"firstperson_righthand": {
			"rotation": [0, -55, 0],
			"translation": [1.5, 2.25, -1.25],
			"scale": [0.56, 0.56, 0.56]
		},
		"firstperson_lefthand": {
			"rotation": [0, -55, 0],
			"translation": [1.5, 2.25, -1.25],
			"scale": [0.56, 0.56, 0.56]
		},
		"ground": {
			"rotation": [-90, 0, 0],
			"translation": [0, -1.25, 0],
			"scale": [0.41, 0.41, 0.41]
		},
		"gui": {
			"rotation": [-30, -9, -29],
			"translation": [0.5, 0.25, 0]
		},
		"head": {
			"rotation": [90, 0, 0],
			"translation": [0, 8, 1.25]
		},
		"fixed": {
			"rotation": [0, -180, 0],
			"translation": [0, 0.5, -0.5],
			"scale": [1.5, 1.5, 1.5]
		}
	},
	"groups": [
		0,
		1,
		2,
		3,
		4,
		5,
		6,
		7,
		8,
		9,
		10,
		11,
		12,
		13,
		14,
		15,
		16,
		17,
		18,
		19,
		20,
		21,
		22,
		23,
		24,
		25,
		26,
		27,
		28,
		29,
		30,
		31,
		32,
		33,
		34,
		35,
		36,
		37,
		38,
		39,
		40,
		41,
		42,
		43,
		{
			"name": "listkekfgrgrgrgr",
			"origin": [8, 8, 8],
			"color": 0,
			"children": [
				{
					"name": "group",
					"origin": [9.70203, -2.29792, 8.5],
					"color": 0,
					"children": [44, 45, 46, 47, 48, 49, 50]
				}
			]
		}
	]
}