{
	"credit": "Made with Blockbench",
	"textures": {
		"0": "misc/lom",
		"particle": "misc/lom"
	},
	"elements": [
		{
			"from": [8.2, 6.025, 8.2],
			"to": [8.8, 16.025, 8.8],
			"faces": {
				"north": {"uv": [8, 2, 10, 12], "texture": "#0"},
				"east": {"uv": [10, 2, 12, 12], "texture": "#0"},
				"south": {"uv": [14, 2, 16, 12], "texture": "#0"},
				"west": {"uv": [12, 2, 14, 12], "texture": "#0"},
				"up": {"uv": [10, 2, 8, 0], "texture": "#0"},
				"down": {"uv": [16, 12, 14, 14], "texture": "#0"}
			}
		},
		{
			"from": [16.95, 5.1, 8.2],
			"to": [17.55, 6.1, 8.8],
			"rotation": {"angle": 45, "axis": "z", "origin": [0, 0, 0]},
			"faces": {
				"north": {"uv": [2, 2, 4, 3], "texture": "#0"},
				"east": {"uv": [0, 2, 2, 3], "texture": "#0"},
				"south": {"uv": [2, 3, 4, 4], "texture": "#0"},
				"west": {"uv": [0, 3, 2, 4], "texture": "#0"},
				"up": {"uv": [2, 2, 0, 0], "texture": "#0"},
				"down": {"uv": [4, 4, 2, 6], "texture": "#0"}
			}
		},
		{
			"from": [12.875, 11.75, 8.2],
			"to": [13.875, 12.35, 8.8],
			"rotation": {"angle": 22.5, "axis": "z", "origin": [0, 0, 0]},
			"faces": {
				"north": {"uv": [2, 2, 4, 3], "rotation": 90, "texture": "#0"},
				"east": {"uv": [2, 6, 4, 4], "rotation": 180, "texture": "#0"},
				"south": {"uv": [2, 3, 4, 4], "rotation": 270, "texture": "#0"},
				"west": {"uv": [2, 2, 0, 0], "rotation": 270, "texture": "#0"},
				"up": {"uv": [0, 2, 2, 3], "rotation": 270, "texture": "#0"},
				"down": {"uv": [0, 3, 2, 4], "rotation": 270, "texture": "#0"}
			}
		},
		{
			"from": [8.675, 5.575, 8.3],
			"to": [8.775, 6.2, 8.675],
			"rotation": {"angle": 22.5, "axis": "z", "origin": [8.375, 5.05, 8.5]},
			"faces": {
				"north": {"uv": [2, 2, 4, 3], "rotation": 180, "texture": "#0"},
				"east": {"uv": [0, 3, 2, 4], "rotation": 180, "texture": "#0"},
				"south": {"uv": [2, 3, 4, 4], "rotation": 180, "texture": "#0"},
				"west": {"uv": [0, 2, 2, 3], "rotation": 180, "texture": "#0"},
				"up": {"uv": [2, 6, 4, 4], "rotation": 90, "texture": "#0"},
				"down": {"uv": [2, 2, 0, 0], "rotation": 180, "texture": "#0"}
			}
		},
		{
			"from": [8.2, 5.675, 8.3],
			"to": [8.3, 6.3, 8.675],
			"rotation": {"angle": -22.5, "axis": "z", "origin": [8.375, 5.05, 8.5]},
			"faces": {
				"north": {"uv": [2, 2, 4, 3], "rotation": 180, "texture": "#0"},
				"east": {"uv": [0, 3, 2, 4], "rotation": 180, "texture": "#0"},
				"south": {"uv": [2, 3, 4, 4], "rotation": 180, "texture": "#0"},
				"west": {"uv": [0, 2, 2, 3], "rotation": 180, "texture": "#0"},
				"up": {"uv": [2, 6, 4, 4], "rotation": 90, "texture": "#0"},
				"down": {"uv": [2, 2, 0, 0], "rotation": 180, "texture": "#0"}
			}
		},
		{
			"from": [12.55, 11.75, 8.2],
			"to": [13.05, 11.875, 8.4],
			"rotation": {"angle": 22.5, "axis": "z", "origin": [0, 0, 0]},
			"faces": {
				"north": {"uv": [2, 2, 4, 3], "rotation": 90, "texture": "#0"},
				"east": {"uv": [2, 6, 4, 4], "rotation": 180, "texture": "#0"},
				"south": {"uv": [2, 3, 4, 4], "rotation": 270, "texture": "#0"},
				"west": {"uv": [2, 2, 0, 0], "rotation": 270, "texture": "#0"},
				"up": {"uv": [0, 2, 2, 3], "rotation": 270, "texture": "#0"},
				"down": {"uv": [0, 3, 2, 4], "rotation": 270, "texture": "#0"}
			}
		},
		{
			"from": [12.55, 11.75, 8.6],
			"to": [13.05, 11.875, 8.8],
			"rotation": {"angle": 22.5, "axis": "z", "origin": [0, 0, 0]},
			"faces": {
				"north": {"uv": [2, 2, 4, 3], "rotation": 90, "texture": "#0"},
				"east": {"uv": [2, 6, 4, 4], "rotation": 180, "texture": "#0"},
				"south": {"uv": [2, 3, 4, 4], "rotation": 270, "texture": "#0"},
				"west": {"uv": [2, 2, 0, 0], "rotation": 270, "texture": "#0"},
				"up": {"uv": [0, 2, 2, 3], "rotation": 270, "texture": "#0"},
				"down": {"uv": [0, 3, 2, 4], "rotation": 270, "texture": "#0"}
			}
		},
		{
			"from": [16.225, 6.325, 8.6],
			"to": [16.725, 6.475, 8.8],
			"rotation": {"angle": 45, "axis": "z", "origin": [0, 0, 0]},
			"faces": {
				"north": {"uv": [2, 2, 4, 3], "rotation": 90, "texture": "#0"},
				"east": {"uv": [2, 6, 4, 4], "rotation": 180, "texture": "#0"},
				"south": {"uv": [2, 3, 4, 4], "rotation": 270, "texture": "#0"},
				"west": {"uv": [2, 2, 0, 0], "rotation": 270, "texture": "#0"},
				"up": {"uv": [0, 2, 2, 3], "rotation": 270, "texture": "#0"},
				"down": {"uv": [0, 3, 2, 4], "rotation": 270, "texture": "#0"}
			}
		},
		{
			"from": [16.25, 6.275, 8.2],
			"to": [16.75, 6.475, 8.4],
			"rotation": {"angle": 45, "axis": "z", "origin": [0, 0, 0]},
			"faces": {
				"north": {"uv": [2, 2, 4, 3], "rotation": 90, "texture": "#0"},
				"east": {"uv": [2, 6, 4, 4], "rotation": 180, "texture": "#0"},
				"south": {"uv": [2, 3, 4, 4], "rotation": 270, "texture": "#0"},
				"west": {"uv": [2, 2, 0, 0], "rotation": 270, "texture": "#0"},
				"up": {"uv": [0, 2, 2, 3], "rotation": 270, "texture": "#0"},
				"down": {"uv": [0, 3, 2, 4], "rotation": 270, "texture": "#0"}
			}
		},
		{
			"from": [12.55, 12.075, 8.6],
			"to": [13.05, 12.2, 8.8],
			"rotation": {"angle": 22.5, "axis": "z", "origin": [0, 0, 0]},
			"faces": {
				"north": {"uv": [2, 2, 4, 3], "rotation": 90, "texture": "#0"},
				"east": {"uv": [2, 6, 4, 4], "rotation": 180, "texture": "#0"},
				"south": {"uv": [2, 3, 4, 4], "rotation": 270, "texture": "#0"},
				"west": {"uv": [2, 2, 0, 0], "rotation": 270, "texture": "#0"},
				"up": {"uv": [0, 2, 2, 3], "rotation": 270, "texture": "#0"},
				"down": {"uv": [0, 3, 2, 4], "rotation": 270, "texture": "#0"}
			}
		}
	],
	"display": {
		"thirdperson_righthand": {
			"rotation": [-140.81, -88.1, -139.83],
			"translation": [0.75, -8.75, 0.5],
			"scale": [2, 2, 2]
		},
		"thirdperson_lefthand": {
			"rotation": [-54.49, -84.89, 118.5],
			"translation": [1.5, 3.25, 0.25],
			"scale": [2, 2, 2]
		},
		"firstperson_righthand": {
			"rotation": [-2.11, -74.02, 4.96],
			"translation": [1.75, -3.75, 0.5],
			"scale": [2, 2, 2]
		},
		"firstperson_lefthand": {
			"rotation": [151.55, -26.35, -19.03],
			"translation": [-0.75, 6.75, 1.25],
			"scale": [2, 2, 2]
		},
		"ground": {
			"rotation": [-87.5, -0.03, 0.09],
			"translation": [0, -4.25, 6],
			"scale": [2, 2, 2]
		},
		"gui": {
			"rotation": [0, 0, 40],
			"translation": [4.25, -5.25, 0],
			"scale": [2, 2, 2]
		},
		"head": {
			"rotation": [-4.89, -48.36, 45.76],
			"translation": [5.75, -4.75, 4],
			"scale": [3, 3, 3]
		},
		"fixed": {
			"rotation": [0, 0, 34.5],
			"translation": [3.25, -5.5, -1.75],
			"scale": [2, 2, 2]
		}
	}
}