{
	"credit": "Made with Blockbench",
	"textures": {
		"1": "misc/nuar",
		"2": "misc/lapa"
	},
	"elements": [
		{
			"from": [7, 0, 7],
			"to": [9, 24, 9],
			"faces": {
				"north": {"uv": [0, 0, 6.57143, 16], "texture": "#1"},
				"east": {"uv": [0, 0, 6.57143, 16], "texture": "#1"},
				"south": {"uv": [0, 0, 6.57143, 16], "texture": "#1"},
				"west": {"uv": [0, 0, 6.57143, 16], "texture": "#1"},
				"up": {"uv": [9.52381, 0, 16, 2], "texture": "#1"},
				"down": {"uv": [9.52381, 0, 16, 2], "texture": "#1"}
			}
		},
		{
			"from": [6.975, 8, 6.975],
			"to": [9.025, 12, 9.025],
			"rotation": {"angle": 0, "axis": "y", "origin": [8, 10, 8]},
			"faces": {
				"north": {"uv": [11.42857, 12.68571, 16, 15.25714], "texture": "#1"},
				"east": {"uv": [11.42857, 12.68571, 16, 15.25714], "texture": "#1"},
				"south": {"uv": [11.42857, 12.68571, 16, 15.25714], "texture": "#1"},
				"west": {"uv": [11.42857, 12.68571, 16, 15.25714], "texture": "#1"},
				"up": {"uv": [0, 0, 2.05, 2.05], "texture": "#1"},
				"down": {"uv": [0, 0, 2.05, 2.05], "texture": "#1"}
			}
		},
		{
			"from": [6.975, 9.15, 6.95],
			"to": [9.025, 10.9, 7],
			"rotation": {"angle": 0, "axis": "y", "origin": [8, 10, 8]},
			"faces": {
				"north": {"uv": [0, 0, 16, 16], "texture": "#2"},
				"east": {"uv": [0, 13.6, 0, 12.66667], "texture": "#2"},
				"south": {"uv": [0, 14.93333, 0, 16], "texture": "#2"},
				"west": {"uv": [0, 14.26667, 0, 16], "texture": "#2"},
				"up": {"uv": [0, 14.61667, 0, 16], "rotation": 180, "texture": "#2"},
				"down": {"uv": [0, 13.95, 0, 16], "rotation": 180, "texture": "#2"}
			}
		}
	],
	"display": {
		"thirdperson_righthand": {
			"translation": [0, -4.13, 0],
			"scale": [1, 1.26, 1]
		},
		"firstperson_righthand": {
			"rotation": [0, -180, 0],
			"translation": [0, 1.25, 0]
		},
		"firstperson_lefthand": {
			"rotation": [0, -180, 0],
			"translation": [0, 1.25, 0]
		},
		"ground": {
			"rotation": [0, 8, 90],
			"translation": [0, 4.5, 0],
			"scale": [0.5, 0.5, 0.5]
		},
		"gui": {
			"rotation": [0, -180, 45],
			"translation": [-2.25, -2.25, 0],
			"scale": [1.11, 0.75, 0.75]
		},
		"head": {
			"rotation": [90, 0, -180],
			"translation": [0, 7.5, 3.75]
		},
		"fixed": {
			"rotation": [0, 0, 45],
			"translation": [2.75, -2.75, 0]
		}
	}
}