{
	"credit": "Made with Blockbench",
	"textures": {
		"0": "misc/pass",
		"1": "misc/magazine",
		"particle": "misc/pass"
	},
	"elements": [
		{
			"from": [7, 0, 4],
			"to": [7.2, 10, 11],
			"faces": {
				"north": {"uv": [0, 0, 0.5, 16], "texture": "#0"},
				"east": {"uv": [0, 0, 0.5, 16], "texture": "#0"},
				"south": {"uv": [0, 0, 0.5, 16], "texture": "#0"},
				"west": {"uv": [0, 0, 16, 16], "texture": "#0"},
				"up": {"uv": [0, 0, 0.5, 16], "texture": "#0"},
				"down": {"uv": [0, 0, 0.5, 16], "texture": "#0"}
			}
		},
		{
			"from": [7.2, 0, 3.8],
			"to": [7.7, 10, 4],
			"faces": {
				"north": {"uv": [0, 0, 0.5, 16], "texture": "#0"},
				"east": {"uv": [0, 0, 0.5, 16], "texture": "#0"},
				"south": {"uv": [0, 0, 0.5, 16], "texture": "#0"},
				"west": {"uv": [0, 0, 0.5, 16], "texture": "#0"},
				"up": {"uv": [0, 0, 0.5, 16], "texture": "#0"},
				"down": {"uv": [0, 0, 0.5, 16], "texture": "#0"}
			}
		},
		{
			"from": [7.2, 0.1, 4],
			"to": [7.7, 9.9, 10.9],
			"faces": {
				"north": {"uv": [0, 0, 0.5, 9.8], "texture": "#missing"},
				"east": {"uv": [0, 0, 6.9, 9.8], "texture": "#missing"},
				"south": {"uv": [14.222, 1.382, 15.907, 15.984], "texture": "#1"},
				"west": {"uv": [0, 0, 6.9, 9.8], "texture": "#missing"},
				"up": {"uv": [14.222, 0.395, 15.907, 15.985], "texture": "#1"},
				"down": {"uv": [14.222, 15.985, 15.907, 0.395], "texture": "#1"}
			}
		},
		{
			"from": [7.7, 0, 4],
			"to": [7.9, 10, 11],
			"faces": {
				"north": {"uv": [0, 0, 0.5, 16], "texture": "#0"},
				"east": {"uv": [0, 0, 16, 16], "texture": "#0"},
				"south": {"uv": [0, 0, 0.5, 16], "texture": "#0"},
				"west": {"uv": [0, 0, 0.5, 16], "texture": "#0"},
				"up": {"uv": [0, 0, 0.5, 16], "texture": "#0"},
				"down": {"uv": [0, 0, 0.5, 16], "texture": "#0"}
			}
		},
		{
			"from": [6.9, 4.3, 7.7],
			"to": [7.525, 4.8, 8.2],
			"rotation": {"angle": 0, "axis": "y", "origin": [14.9, 12.3, 11.1]},
			"faces": {
				"north": {"uv": [2, 11.75, 2.1, 12.6], "texture": "#0"},
				"east": {"uv": [3.25, 11.75, 3.35, 12.6], "texture": "#0"},
				"south": {"uv": [2, 11.75, 2.1, 12.6], "texture": "#0"},
				"west": {"uv": [3.25, 11.75, 3.35, 12.6], "texture": "#0"},
				"up": {"uv": [2, 11.75, 2.1, 12.6], "texture": "#0"},
				"down": {"uv": [2, 11.75, 2.1, 12.6], "texture": "#0"}
			}
		},
		{
			"from": [6.9, 6.8, 8.2],
			"to": [7.525, 7.3, 10.2],
			"rotation": {"angle": 0, "axis": "y", "origin": [14.9, 12.3, 11.1]},
			"faces": {
				"north": {"uv": [2, 11.75, 2.1, 12.6], "texture": "#0"},
				"east": {"uv": [3.25, 11.75, 3.35, 12.6], "texture": "#0"},
				"south": {"uv": [2, 11.75, 2.1, 12.6], "texture": "#0"},
				"west": {"uv": [3.25, 11.75, 3.35, 12.6], "texture": "#0"},
				"up": {"uv": [2, 11.75, 2.1, 12.6], "texture": "#0"},
				"down": {"uv": [2, 11.75, 2.1, 12.6], "texture": "#0"}
			}
		},
		{
			"from": [6.9, 5.8, 8.2],
			"to": [7.525, 6.3, 9.7],
			"rotation": {"angle": 0, "axis": "y", "origin": [14.9, 12.3, 11.1]},
			"faces": {
				"north": {"uv": [2, 11.75, 2.1, 12.6], "texture": "#0"},
				"east": {"uv": [3.25, 11.75, 3.35, 12.6], "texture": "#0"},
				"south": {"uv": [2, 11.75, 2.1, 12.6], "texture": "#0"},
				"west": {"uv": [3.25, 11.75, 3.35, 12.6], "texture": "#0"},
				"up": {"uv": [2, 11.75, 2.1, 12.6], "texture": "#0"},
				"down": {"uv": [2, 11.75, 2.1, 12.6], "texture": "#0"}
			}
		},
		{
			"from": [6.9, 6.3, 7.7],
			"to": [7.525, 6.8, 8.2],
			"rotation": {"angle": 0, "axis": "y", "origin": [14.9, 12.3, 11.1]},
			"faces": {
				"north": {"uv": [2, 11.75, 2.1, 12.6], "texture": "#0"},
				"east": {"uv": [3.25, 11.75, 3.35, 12.6], "texture": "#0"},
				"south": {"uv": [2, 11.75, 2.1, 12.6], "texture": "#0"},
				"west": {"uv": [3.25, 11.75, 3.35, 12.6], "texture": "#0"},
				"up": {"uv": [2, 11.75, 2.1, 12.6], "texture": "#0"},
				"down": {"uv": [2, 11.75, 2.1, 12.6], "texture": "#0"}
			}
		},
		{
			"from": [6.9, 3.8, 8.2],
			"to": [7.525, 4.3, 9.7],
			"rotation": {"angle": 0, "axis": "y", "origin": [14.9, 12.3, 11.1]},
			"faces": {
				"north": {"uv": [2, 11.75, 2.1, 12.6], "texture": "#0"},
				"east": {"uv": [3.25, 11.75, 3.35, 12.6], "texture": "#0"},
				"south": {"uv": [2, 11.75, 2.1, 12.6], "texture": "#0"},
				"west": {"uv": [3.25, 11.75, 3.35, 12.6], "texture": "#0"},
				"up": {"uv": [2, 11.75, 2.1, 12.6], "texture": "#0"},
				"down": {"uv": [2, 11.75, 2.1, 12.6], "texture": "#0"}
			}
		},
		{
			"from": [6.9, 6.3, 5.2],
			"to": [7.525, 6.8, 5.7],
			"rotation": {"angle": 0, "axis": "y", "origin": [14.9, 12.3, 11.1]},
			"faces": {
				"north": {"uv": [2, 11.75, 2.1, 12.6], "texture": "#0"},
				"east": {"uv": [3.25, 11.75, 3.35, 12.6], "texture": "#0"},
				"south": {"uv": [2, 11.75, 2.1, 12.6], "texture": "#0"},
				"west": {"uv": [3.25, 11.75, 3.35, 12.6], "texture": "#0"},
				"up": {"uv": [2, 11.75, 2.1, 12.6], "texture": "#0"},
				"down": {"uv": [2, 11.75, 2.1, 12.6], "texture": "#0"}
			}
		},
		{
			"from": [6.9, 5.8, 5.7],
			"to": [7.525, 6.3, 6.2],
			"rotation": {"angle": 0, "axis": "y", "origin": [14.9, 12.3, 11.1]},
			"faces": {
				"north": {"uv": [2, 11.75, 2.1, 12.6], "texture": "#0"},
				"east": {"uv": [3.25, 11.75, 3.35, 12.6], "texture": "#0"},
				"south": {"uv": [2, 11.75, 2.1, 12.6], "texture": "#0"},
				"west": {"uv": [3.25, 11.75, 3.35, 12.6], "texture": "#0"},
				"up": {"uv": [2, 11.75, 2.1, 12.6], "texture": "#0"},
				"down": {"uv": [2, 11.75, 2.1, 12.6], "texture": "#0"}
			}
		},
		{
			"from": [6.9, 6.3, 6.2],
			"to": [7.525, 6.8, 6.7],
			"rotation": {"angle": 0, "axis": "y", "origin": [14.9, 12.3, 11.1]},
			"faces": {
				"north": {"uv": [2, 11.75, 2.1, 12.6], "texture": "#0"},
				"east": {"uv": [3.25, 11.75, 3.35, 12.6], "texture": "#0"},
				"south": {"uv": [2, 11.75, 2.1, 12.6], "texture": "#0"},
				"west": {"uv": [3.25, 11.75, 3.35, 12.6], "texture": "#0"},
				"up": {"uv": [2, 11.75, 2.1, 12.6], "texture": "#0"},
				"down": {"uv": [2, 11.75, 2.1, 12.6], "texture": "#0"}
			}
		},
		{
			"from": [6.9, 4.3, 9.7],
			"to": [7.525, 5.8, 10.2],
			"rotation": {"angle": 0, "axis": "y", "origin": [14.9, 12.3, 11.1]},
			"faces": {
				"north": {"uv": [2, 11.75, 2.1, 12.6], "texture": "#0"},
				"east": {"uv": [3.25, 11.75, 3.35, 12.6], "texture": "#0"},
				"south": {"uv": [2, 11.75, 2.1, 12.6], "texture": "#0"},
				"west": {"uv": [3.25, 11.75, 3.35, 12.6], "texture": "#0"},
				"up": {"uv": [2, 11.75, 2.1, 12.6], "texture": "#0"},
				"down": {"uv": [2, 11.75, 2.1, 12.6], "texture": "#0"}
			}
		},
		{
			"from": [6.9, 3.8, 4.7],
			"to": [7.525, 7.3, 5.2],
			"rotation": {"angle": 0, "axis": "y", "origin": [14.9, 12.3, 11.1]},
			"faces": {
				"north": {"uv": [2, 11.75, 2.1, 12.6], "texture": "#0"},
				"east": {"uv": [3.25, 11.75, 3.35, 12.6], "texture": "#0"},
				"south": {"uv": [2, 11.75, 2.1, 12.6], "texture": "#0"},
				"west": {"uv": [3.25, 11.75, 3.35, 12.6], "texture": "#0"},
				"up": {"uv": [2, 11.75, 2.1, 12.6], "texture": "#0"},
				"down": {"uv": [2, 11.75, 2.1, 12.6], "texture": "#0"}
			}
		},
		{
			"from": [6.9, 3.8, 6.7],
			"to": [7.525, 7.3, 7.2],
			"rotation": {"angle": 0, "axis": "y", "origin": [14.9, 12.3, 11.1]},
			"faces": {
				"north": {"uv": [2, 11.75, 2.1, 12.6], "texture": "#0"},
				"east": {"uv": [3.25, 11.75, 3.35, 12.6], "texture": "#0"},
				"south": {"uv": [2, 11.75, 2.1, 12.6], "texture": "#0"},
				"west": {"uv": [3.25, 11.75, 3.35, 12.6], "texture": "#0"},
				"up": {"uv": [2, 11.75, 2.1, 12.6], "texture": "#0"},
				"down": {"uv": [2, 11.75, 2.1, 12.6], "texture": "#0"}
			}
		},
		{
			"from": [7.375, 4.3, 6.65],
			"to": [8, 4.8, 7.15],
			"rotation": {"angle": 0, "axis": "y", "origin": [14.9, 12.3, 11.1]},
			"faces": {
				"north": {"uv": [2, 11.75, 2.1, 12.6], "texture": "#0"},
				"east": {"uv": [3.25, 11.75, 3.35, 12.6], "texture": "#0"},
				"south": {"uv": [2, 11.75, 2.1, 12.6], "texture": "#0"},
				"west": {"uv": [3.25, 11.75, 3.35, 12.6], "texture": "#0"},
				"up": {"uv": [2, 11.75, 2.1, 12.6], "rotation": 180, "texture": "#0"},
				"down": {"uv": [2, 11.75, 2.1, 12.6], "rotation": 180, "texture": "#0"}
			}
		},
		{
			"from": [7.375, 6.8, 4.65],
			"to": [8, 7.3, 6.65],
			"rotation": {"angle": 0, "axis": "y", "origin": [14.9, 12.3, 11.1]},
			"faces": {
				"north": {"uv": [2, 11.75, 2.1, 12.6], "texture": "#0"},
				"east": {"uv": [3.25, 11.75, 3.35, 12.6], "texture": "#0"},
				"south": {"uv": [2, 11.75, 2.1, 12.6], "texture": "#0"},
				"west": {"uv": [3.25, 11.75, 3.35, 12.6], "texture": "#0"},
				"up": {"uv": [2, 11.75, 2.1, 12.6], "rotation": 180, "texture": "#0"},
				"down": {"uv": [2, 11.75, 2.1, 12.6], "rotation": 180, "texture": "#0"}
			}
		},
		{
			"from": [7.375, 5.8, 5.15],
			"to": [8, 6.3, 6.65],
			"rotation": {"angle": 0, "axis": "y", "origin": [14.9, 12.3, 11.1]},
			"faces": {
				"north": {"uv": [2, 11.75, 2.1, 12.6], "texture": "#0"},
				"east": {"uv": [3.25, 11.75, 3.35, 12.6], "texture": "#0"},
				"south": {"uv": [2, 11.75, 2.1, 12.6], "texture": "#0"},
				"west": {"uv": [3.25, 11.75, 3.35, 12.6], "texture": "#0"},
				"up": {"uv": [2, 11.75, 2.1, 12.6], "rotation": 180, "texture": "#0"},
				"down": {"uv": [2, 11.75, 2.1, 12.6], "rotation": 180, "texture": "#0"}
			}
		},
		{
			"from": [7.375, 6.3, 6.65],
			"to": [8, 6.8, 7.15],
			"rotation": {"angle": 0, "axis": "y", "origin": [14.9, 12.3, 11.1]},
			"faces": {
				"north": {"uv": [2, 11.75, 2.1, 12.6], "texture": "#0"},
				"east": {"uv": [3.25, 11.75, 3.35, 12.6], "texture": "#0"},
				"south": {"uv": [2, 11.75, 2.1, 12.6], "texture": "#0"},
				"west": {"uv": [3.25, 11.75, 3.35, 12.6], "texture": "#0"},
				"up": {"uv": [2, 11.75, 2.1, 12.6], "rotation": 180, "texture": "#0"},
				"down": {"uv": [2, 11.75, 2.1, 12.6], "rotation": 180, "texture": "#0"}
			}
		},
		{
			"from": [7.375, 3.8, 5.15],
			"to": [8, 4.3, 6.65],
			"rotation": {"angle": 0, "axis": "y", "origin": [14.9, 12.3, 11.1]},
			"faces": {
				"north": {"uv": [2, 11.75, 2.1, 12.6], "texture": "#0"},
				"east": {"uv": [3.25, 11.75, 3.35, 12.6], "texture": "#0"},
				"south": {"uv": [2, 11.75, 2.1, 12.6], "texture": "#0"},
				"west": {"uv": [3.25, 11.75, 3.35, 12.6], "texture": "#0"},
				"up": {"uv": [2, 11.75, 2.1, 12.6], "rotation": 180, "texture": "#0"},
				"down": {"uv": [2, 11.75, 2.1, 12.6], "rotation": 180, "texture": "#0"}
			}
		},
		{
			"from": [7.375, 6.3, 9.15],
			"to": [8, 6.8, 9.65],
			"rotation": {"angle": 0, "axis": "y", "origin": [14.9, 12.3, 11.1]},
			"faces": {
				"north": {"uv": [2, 11.75, 2.1, 12.6], "texture": "#0"},
				"east": {"uv": [3.25, 11.75, 3.35, 12.6], "texture": "#0"},
				"south": {"uv": [2, 11.75, 2.1, 12.6], "texture": "#0"},
				"west": {"uv": [3.25, 11.75, 3.35, 12.6], "texture": "#0"},
				"up": {"uv": [2, 11.75, 2.1, 12.6], "rotation": 180, "texture": "#0"},
				"down": {"uv": [2, 11.75, 2.1, 12.6], "rotation": 180, "texture": "#0"}
			}
		},
		{
			"from": [7.375, 5.8, 8.65],
			"to": [8, 6.3, 9.15],
			"rotation": {"angle": 0, "axis": "y", "origin": [14.9, 12.3, 11.1]},
			"faces": {
				"north": {"uv": [2, 11.75, 2.1, 12.6], "texture": "#0"},
				"east": {"uv": [3.25, 11.75, 3.35, 12.6], "texture": "#0"},
				"south": {"uv": [2, 11.75, 2.1, 12.6], "texture": "#0"},
				"west": {"uv": [3.25, 11.75, 3.35, 12.6], "texture": "#0"},
				"up": {"uv": [2, 11.75, 2.1, 12.6], "rotation": 180, "texture": "#0"},
				"down": {"uv": [2, 11.75, 2.1, 12.6], "rotation": 180, "texture": "#0"}
			}
		},
		{
			"from": [7.375, 6.3, 8.15],
			"to": [8, 6.8, 8.65],
			"rotation": {"angle": 0, "axis": "y", "origin": [14.9, 12.3, 11.1]},
			"faces": {
				"north": {"uv": [2, 11.75, 2.1, 12.6], "texture": "#0"},
				"east": {"uv": [3.25, 11.75, 3.35, 12.6], "texture": "#0"},
				"south": {"uv": [2, 11.75, 2.1, 12.6], "texture": "#0"},
				"west": {"uv": [3.25, 11.75, 3.35, 12.6], "texture": "#0"},
				"up": {"uv": [2, 11.75, 2.1, 12.6], "rotation": 180, "texture": "#0"},
				"down": {"uv": [2, 11.75, 2.1, 12.6], "rotation": 180, "texture": "#0"}
			}
		},
		{
			"from": [7.375, 4.3, 4.65],
			"to": [8, 5.8, 5.15],
			"rotation": {"angle": 0, "axis": "y", "origin": [14.9, 12.3, 11.1]},
			"faces": {
				"north": {"uv": [2, 11.75, 2.1, 12.6], "texture": "#0"},
				"east": {"uv": [3.25, 11.75, 3.35, 12.6], "texture": "#0"},
				"south": {"uv": [2, 11.75, 2.1, 12.6], "texture": "#0"},
				"west": {"uv": [3.25, 11.75, 3.35, 12.6], "texture": "#0"},
				"up": {"uv": [2, 11.75, 2.1, 12.6], "rotation": 180, "texture": "#0"},
				"down": {"uv": [2, 11.75, 2.1, 12.6], "rotation": 180, "texture": "#0"}
			}
		},
		{
			"from": [7.375, 3.8, 9.65],
			"to": [8, 7.3, 10.15],
			"rotation": {"angle": 0, "axis": "y", "origin": [14.9, 12.3, 11.1]},
			"faces": {
				"north": {"uv": [2, 11.75, 2.1, 12.6], "texture": "#0"},
				"east": {"uv": [3.25, 11.75, 3.35, 12.6], "texture": "#0"},
				"south": {"uv": [2, 11.75, 2.1, 12.6], "texture": "#0"},
				"west": {"uv": [3.25, 11.75, 3.35, 12.6], "texture": "#0"},
				"up": {"uv": [2, 11.75, 2.1, 12.6], "rotation": 180, "texture": "#0"},
				"down": {"uv": [2, 11.75, 2.1, 12.6], "rotation": 180, "texture": "#0"}
			}
		},
		{
			"from": [7.375, 3.8, 7.65],
			"to": [8, 7.3, 8.15],
			"rotation": {"angle": 0, "axis": "y", "origin": [14.9, 12.3, 11.1]},
			"faces": {
				"north": {"uv": [2, 11.75, 2.1, 12.6], "texture": "#0"},
				"east": {"uv": [3.25, 11.75, 3.35, 12.6], "texture": "#0"},
				"south": {"uv": [2, 11.75, 2.1, 12.6], "texture": "#0"},
				"west": {"uv": [3.25, 11.75, 3.35, 12.6], "texture": "#0"},
				"up": {"uv": [2, 11.75, 2.1, 12.6], "rotation": 180, "texture": "#0"},
				"down": {"uv": [2, 11.75, 2.1, 12.6], "rotation": 180, "texture": "#0"}
			}
		}
	],
	"display": {
		"thirdperson_righthand": {
			"rotation": [-4, 49, 0],
			"translation": [-1.25, 3, -0.75],
			"scale": [0.56, 0.56, 0.56]
		},
		"thirdperson_lefthand": {
			"rotation": [-4, 49, 0],
			"translation": [-1.25, 1.75, -0.75],
			"scale": [-0.56, 0.56, -0.56]
		},
		"firstperson_righthand": {
			"translation": [0.25, 4.75, 0],
			"scale": [0.73, 0.73, 0.73]
		},
		"firstperson_lefthand": {
			"translation": [0.25, 4.75, 0],
			"scale": [0.73, 0.73, 0.73]
		},
		"ground": {
			"rotation": [0, 0, 90],
			"translation": [-1.75, 0.5, 0],
			"scale": [0.59, 0.59, 0.59]
		},
		"gui": {
			"rotation": [31, 55, 1],
			"translation": [0.75, 3, 0],
			"scale": [1.16, 1.16, 1.16]
		},
		"fixed": {
			"rotation": [0, -90, 0],
			"translation": [-0.5, 3.5, 0],
			"scale": [1.21, 1.21, 1.21]
		}
	},
	"groups": [
		0,
		1,
		2,
		3,
		{
			"name": "group",
			"origin": [14.9, 12.3, 11.1],
			"color": 0,
			"children": [
				4,
				5,
				6,
				7,
				8,
				9,
				10,
				11,
				12,
				13,
				14,
				{
					"name": "group",
					"origin": [14.9, 12.3, 11.1],
					"color": 0,
					"children": [15, 16, 17, 18, 19, 20, 21, 22, 23, 24, 25]
				}
			]
		}
	]
}