{
	"credit": "Made with Blockbench",
	"parent": "item/generated",
	"textures": {
		"layer0": "./sigara"
	},
	"display": {
		"thirdperson_righthand": {
			"rotation": [80, 80, 140],
			"translation": [0.25, 2.25, 0.5],
			"scale": [0.32, 0.32, 0.69]
		},
		"thirdperson_lefthand": {
			"rotation": [80, 80, 45],
			"translation": [0.25, 2.25, 0.5],
			"scale": [0.32, 0.32, 0.69]
		},
		"firstperson_righthand": {
			"rotation": [80, -90, 25],
			"translation": [1.13, 3.2, 1.13],
			"scale": [0.5, 0.5, 0.5]
		},
		"firstperson_lefthand": {
			"rotation": [80, 90, -25],
			"translation": [1.13, 3.2, 1.13],
			"scale": [0.5, 0.5, 0.5]
		},
		"ground": {
			"translation": [0, 2.5, 0],
			"scale": [0.5, 0.5, 0.5]
		},
		"gui": {
			"scale": [0.86, 0.86, 0.75]
		},
		"head": {
			"scale": [0, 0, 0]
		},
		"fixed": {
			"rotation": [0, -180, 0],
			"scale": [0.7, 0.7, 0.7]
		}
	}
}