{
	"credit": "Made with Blockbench",
	"texture_size": [8, 8],
	"textures": {
		"1": "misc/cut_sandstone",
		"3": "misc/red_wool",
		"4": "misc/gold_block",
		"particle": "misc/item_frame"
	},
	"elements": [
		{
			"from": [5.6, 8.5, 6],
			"to": [6.1, 13.5, 8],
			"rotation": {"angle": 0, "axis": "y", "origin": [13.5, 6.5, 8]},
			"faces": {
				"north": {"uv": [4, 14.8, 14, 15.8], "rotation": 270, "texture": "#1"},
				"east": {"uv": [2, 12, 12, 16], "rotation": 90, "texture": "#1"},
				"south": {"uv": [2, 14.8, 12, 15.8], "rotation": 90, "texture": "#1"},
				"west": {"uv": [2, 0, 12, 4], "rotation": 90, "texture": "#1"},
				"up": {"uv": [12, 14.8, 16, 15.8], "rotation": 90, "texture": "#1"},
				"down": {"uv": [0, 14.8, 4, 15.8], "rotation": 90, "texture": "#1"}
			}
		},
		{
			"from": [5.6, 1, 6],
			"to": [6.1, 6, 8],
			"rotation": {"angle": 0, "axis": "y", "origin": [13.5, -1, 8]},
			"faces": {
				"north": {"uv": [4, 14.8, 14, 15.8], "rotation": 270, "texture": "#1"},
				"east": {"uv": [2, 12, 12, 16], "rotation": 90, "texture": "#1"},
				"south": {"uv": [2, 14.8, 12, 15.8], "rotation": 90, "texture": "#1"},
				"west": {"uv": [2, 0, 12, 4], "rotation": 90, "texture": "#1"},
				"up": {"uv": [12, 14.8, 16, 15.8], "rotation": 90, "texture": "#1"},
				"down": {"uv": [0, 14.8, 4, 15.8], "rotation": 90, "texture": "#1"}
			}
		},
		{
			"from": [6.1, 8.5, 7.5],
			"to": [7.1, 13.5, 8],
			"rotation": {"angle": 0, "axis": "x", "origin": [6.5, 11, 7]},
			"faces": {
				"north": {"uv": [4, 12.8, 14, 14.8], "rotation": 90, "texture": "#1"},
				"east": {"uv": [2, 15, 12, 16], "rotation": 90, "texture": "#1"},
				"south": {"uv": [2, 12.8, 12, 14.8], "rotation": 90, "texture": "#1"},
				"west": {"uv": [2, 0, 12, 1], "rotation": 270, "texture": "#1"},
				"up": {"uv": [15, 12.8, 17, 13.8], "texture": "#1"},
				"down": {"uv": [0, 12.8, 2, 13.8], "rotation": 180, "texture": "#1"}
			}
		},
		{
			"from": [6.1, 1, 7.5],
			"to": [7.1, 6, 8],
			"rotation": {"angle": 0, "axis": "x", "origin": [6.5, 3.5, 7]},
			"faces": {
				"north": {"uv": [4, 12.8, 14, 14.8], "rotation": 90, "texture": "#1"},
				"east": {"uv": [2, 15, 12, 16], "rotation": 90, "texture": "#1"},
				"south": {"uv": [2, 12.8, 12, 14.8], "rotation": 90, "texture": "#1"},
				"west": {"uv": [2, 0, 12, 1], "rotation": 270, "texture": "#1"},
				"up": {"uv": [15, 12.8, 17, 13.8], "texture": "#1"},
				"down": {"uv": [0, 12.8, 2, 13.8], "rotation": 180, "texture": "#1"}
			}
		},
		{
			"from": [7.1, 8.5, 6],
			"to": [7.6, 13.5, 8],
			"rotation": {"angle": 0, "axis": "y", "origin": [13.5, 6.5, 8]},
			"faces": {
				"north": {"uv": [4, 11.8, 14, 12.8], "rotation": 270, "texture": "#1"},
				"east": {"uv": [2, 12, 12, 16], "rotation": 90, "texture": "#1"},
				"south": {"uv": [2, 11.8, 12, 12.8], "rotation": 90, "texture": "#1"},
				"west": {"uv": [2, 0, 12, 4], "rotation": 90, "texture": "#1"},
				"up": {"uv": [12, 11.8, 16, 12.8], "rotation": 90, "texture": "#1"},
				"down": {"uv": [0, 11.8, 4, 12.8], "rotation": 90, "texture": "#1"}
			}
		},
		{
			"from": [7.1, 1, 6],
			"to": [7.6, 6, 8],
			"rotation": {"angle": 0, "axis": "y", "origin": [13.5, -1, 8]},
			"faces": {
				"north": {"uv": [4, 11.8, 14, 12.8], "rotation": 270, "texture": "#1"},
				"east": {"uv": [2, 12, 12, 16], "rotation": 90, "texture": "#1"},
				"south": {"uv": [2, 11.8, 12, 12.8], "rotation": 90, "texture": "#1"},
				"west": {"uv": [2, 0, 12, 4], "rotation": 90, "texture": "#1"},
				"up": {"uv": [12, 11.8, 16, 12.8], "rotation": 90, "texture": "#1"},
				"down": {"uv": [0, 11.8, 4, 12.8], "rotation": 90, "texture": "#1"}
			}
		},
		{
			"from": [7.5, 8.5, 6],
			"to": [7.6, 13.5, 7.5],
			"rotation": {"angle": -22.5, "axis": "y", "origin": [7.35, 7.45, 7]},
			"faces": {
				"north": {"uv": [4, 11.8, 14, 12], "rotation": 270, "texture": "#1"},
				"east": {"uv": [2, 12, 12, 15], "rotation": 90, "texture": "#1"},
				"south": {"uv": [2, 11.8, 12, 12], "rotation": 90, "texture": "#1"},
				"west": {"uv": [2, 1, 12, 4], "rotation": 90, "texture": "#1"},
				"up": {"uv": [12, 11.8, 15, 12], "rotation": 90, "texture": "#1"},
				"down": {"uv": [1, 11.8, 4, 12], "rotation": 90, "texture": "#1"}
			}
		},
		{
			"from": [7.5, 1, 6],
			"to": [7.6, 6, 7.5],
			"rotation": {"angle": -22.5, "axis": "y", "origin": [7.35, -0.05, 7]},
			"faces": {
				"north": {"uv": [4, 11.8, 14, 12], "rotation": 270, "texture": "#1"},
				"east": {"uv": [2, 12, 12, 15], "rotation": 90, "texture": "#1"},
				"south": {"uv": [2, 11.8, 12, 12], "rotation": 90, "texture": "#1"},
				"west": {"uv": [2, 1, 12, 4], "rotation": 90, "texture": "#1"},
				"up": {"uv": [12, 11.8, 15, 12], "rotation": 90, "texture": "#1"},
				"down": {"uv": [1, 11.8, 4, 12], "rotation": 90, "texture": "#1"}
			}
		},
		{
			"from": [6.1, 1.6, 6.5],
			"to": [7.1, 13, 7.5],
			"rotation": {"angle": 0, "axis": "x", "origin": [6.5, 3.9, 7]},
			"faces": {
				"north": {"uv": [0, 0, 1, 1], "rotation": 90, "texture": "#missing"},
				"east": {"uv": [0, 0, 1, 1], "rotation": 90, "texture": "#missing"},
				"south": {"uv": [0, 0, 1, 1], "rotation": 90, "texture": "#missing"},
				"west": {"uv": [0, 0, 1, 1], "rotation": 270, "texture": "#missing"},
				"up": {"uv": [14, 14, 16, 16], "rotation": 180, "texture": "#1"},
				"down": {"uv": [14, 14, 16, 16], "rotation": 180, "texture": "#1"}
			}
		},
		{
			"from": [6.1, 8.5, 6],
			"to": [7.1, 13.5, 6.5],
			"rotation": {"angle": 0, "axis": "x", "origin": [6.5, 11, 7]},
			"faces": {
				"north": {"uv": [4, 12.8, 14, 14.8], "rotation": 90, "texture": "#1"},
				"east": {"uv": [2, 12, 12, 13], "rotation": 90, "texture": "#1"},
				"south": {"uv": [2, 12.8, 12, 14.8], "rotation": 90, "texture": "#1"},
				"west": {"uv": [2, 3, 12, 4], "rotation": 270, "texture": "#1"},
				"up": {"uv": [12, 12.8, 14, 13.8], "texture": "#1"},
				"down": {"uv": [3, 12.8, 5, 13.8], "rotation": 180, "texture": "#1"}
			}
		},
		{
			"from": [6.1, 1, 6],
			"to": [7.1, 6, 6.5],
			"rotation": {"angle": 0, "axis": "x", "origin": [6.5, 3.5, 7]},
			"faces": {
				"north": {"uv": [4, 12.8, 14, 14.8], "rotation": 90, "texture": "#1"},
				"east": {"uv": [2, 12, 12, 13], "rotation": 90, "texture": "#1"},
				"south": {"uv": [2, 12.8, 12, 14.8], "rotation": 90, "texture": "#1"},
				"west": {"uv": [2, 3, 12, 4], "rotation": 270, "texture": "#1"},
				"up": {"uv": [12, 12.8, 14, 13.8], "texture": "#1"},
				"down": {"uv": [3, 12.8, 5, 13.8], "rotation": 180, "texture": "#1"}
			}
		},
		{
			"from": [6.8, 6.5, 6.2],
			"to": [7.8, 8.1, 7.7],
			"rotation": {"angle": 0, "axis": "y", "origin": [13.5, 5.9, 8]},
			"faces": {
				"north": {"uv": [0, 11.4, 3.6, 13.4], "rotation": 270, "texture": "#4"},
				"east": {"uv": [1, 1, 7, 7], "rotation": 90, "texture": "#4"},
				"south": {"uv": [12.4, 11.4, 16, 13.4], "rotation": 90, "texture": "#4"},
				"west": {"uv": [12.4, 0, 16, 3.8], "rotation": 90, "texture": "#4"},
				"up": {"uv": [12.2, 11.4, 16, 13.4], "rotation": 90, "texture": "#4"},
				"down": {"uv": [0, 11.4, 3.8, 13.4], "rotation": 90, "texture": "#4"}
			}
		},
		{
			"from": [5.7, 6, 5.9],
			"to": [7.7, 8.5, 8],
			"rotation": {"angle": 0, "axis": "y", "origin": [13.5, 5.9, 8]},
			"faces": {
				"north": {"uv": [0.2, 11.6, 2.8, 15.6], "rotation": 270, "texture": "#3"},
				"east": {"uv": [13.2, 11.8, 15.8, 16], "rotation": 90, "texture": "#3"},
				"south": {"uv": [13.2, 11.6, 15.8, 15.6], "rotation": 90, "texture": "#3"},
				"west": {"uv": [13.2, 0, 15.8, 4.2], "rotation": 90, "texture": "#3"},
				"up": {"uv": [11.8, 11.6, 16, 15.6], "rotation": 90, "texture": "#3"},
				"down": {"uv": [0, 11.6, 4.2, 15.6], "rotation": 90, "texture": "#3"}
			}
		},
		{
			"from": [5.8, 6, 7.9],
			"to": [7.6, 8.5, 8.3],
			"rotation": {"angle": 0, "axis": "y", "origin": [13.5, 5.9, 8]},
			"faces": {
				"north": {"uv": [0.8, 0, 5.8, 3.6], "rotation": 270, "texture": "#3"},
				"east": {"uv": [0, 0, 5, 0.2], "rotation": 90, "texture": "#3"},
				"south": {"uv": [11, 0, 16, 3.6], "rotation": 90, "texture": "#3"},
				"west": {"uv": [16, 0, 21, 0.2], "rotation": 90, "texture": "#3"},
				"up": {"uv": [11.6, 16, 11.8, 19.6], "rotation": 90, "texture": "#3"},
				"down": {"uv": [11.6, 0, 11.8, 3.6], "rotation": 90, "texture": "#3"}
			}
		},
		{
			"from": [5.4, 6, 6.1],
			"to": [5.7, 8.5, 7.9],
			"rotation": {"angle": 0, "axis": "y", "origin": [13.5, 5.9, 8]},
			"faces": {
				"north": {"uv": [16, 0, 21, 0.2], "rotation": 90, "texture": "#3"},
				"east": {"uv": [0.8, 0, 5.8, 3.6], "rotation": 270, "texture": "#3"},
				"south": {"uv": [0, 0, 5, 0.2], "rotation": 90, "texture": "#3"},
				"west": {"uv": [11.6, 0, 16.6, 3.6], "rotation": 90, "texture": "#3"},
				"up": {"uv": [11.6, 16, 11.8, 19.6], "rotation": 180, "texture": "#3"},
				"down": {"uv": [11.6, 0, 11.8, 3.6], "texture": "#3"}
			}
		},
		{
			"from": [7, 0.6, 8.2],
			"to": [7.5, 6, 8.3],
			"rotation": {"angle": 0, "axis": "y", "origin": [13.5, 5.9, 8.2]},
			"faces": {
				"north": {"uv": [1, 4, 5.8, 5], "rotation": 270, "texture": "#3"},
				"east": {"uv": [0, 4, 4.8, 4.2], "rotation": 90, "texture": "#3"},
				"south": {"uv": [14, 0, 15, 4.8], "texture": "#3"},
				"west": {"uv": [16, 4, 20.8, 4.2], "rotation": 90, "texture": "#3"},
				"up": {"uv": [14, 16, 14.2, 17], "rotation": 90, "texture": "#3"},
				"down": {"uv": [14, 0, 14.2, 1], "rotation": 90, "texture": "#3"}
			}
		},
		{
			"from": [6.1, -1.4, 8.2],
			"to": [6.6, 6, 8.3],
			"rotation": {"angle": 0, "axis": "y", "origin": [13.5, 5.9, 8.2]},
			"faces": {
				"north": {"uv": [2.8, 4, 11.6, 5], "rotation": 270, "texture": "#3"},
				"east": {"uv": [0, 4, 8.8, 4.2], "rotation": 90, "texture": "#3"},
				"south": {"uv": [12.2, 0, 13.2, 8.8], "texture": "#3"},
				"west": {"uv": [16, 4, 24.8, 4.2], "rotation": 90, "texture": "#3"},
				"up": {"uv": [12.2, 16, 12.4, 17], "rotation": 90, "texture": "#3"},
				"down": {"uv": [12.2, 0, 12.4, 1], "rotation": 90, "texture": "#3"}
			}
		},
		{
			"from": [6.075, -0.7, 8.175],
			"to": [6.65, 0, 8.325],
			"rotation": {"angle": 0, "axis": "y", "origin": [13.5, 5.9, 8.2]},
			"faces": {
				"north": {"uv": [7, 10, 8.15, 11.4], "rotation": 270, "texture": "#4"},
				"east": {"uv": [2, 11, 2, 12.4], "rotation": 90, "texture": "#4"},
				"south": {"uv": [11, 3, 12.4, 4.15], "rotation": 90, "texture": "#4"},
				"west": {"uv": [10, 7, 10, 8.4], "rotation": 90, "texture": "#4"},
				"up": {"uv": [12, 13, 13.15, 13], "rotation": 90, "texture": "#4"},
				"down": {"uv": [13, 2, 14.15, 2], "rotation": 90, "texture": "#4"}
			}
		},
		{
			"from": [6.975, 1, 8.175],
			"to": [7.55, 1.7, 8.325],
			"rotation": {"angle": 0, "axis": "y", "origin": [13.5, 5.9, 8.2]},
			"faces": {
				"north": {"uv": [7, 10, 8.15, 11.4], "rotation": 270, "texture": "#4"},
				"east": {"uv": [2, 11, 2, 12.4], "rotation": 90, "texture": "#4"},
				"south": {"uv": [11, 3, 12.4, 4.15], "rotation": 90, "texture": "#4"},
				"west": {"uv": [10, 7, 10, 8.4], "rotation": 90, "texture": "#4"},
				"up": {"uv": [12, 13, 13.15, 13], "rotation": 90, "texture": "#4"},
				"down": {"uv": [13, 2, 14.15, 2], "rotation": 90, "texture": "#4"}
			}
		}
	],
	"display": {
		"thirdperson_righthand": {
			"rotation": [0, 122, 0],
			"translation": [0, 0, -1],
			"scale": [0.56, 0.56, 0.56]
		},
		"thirdperson_lefthand": {
			"rotation": [0, 122, 0],
			"translation": [0.25, 0, -1],
			"scale": [-0.56, 0.56, 0.56]
		},
		"firstperson_righthand": {
			"rotation": [11, -84, 0],
			"translation": [2.75, 3.25, 0],
			"scale": [0.56, 0.56, 0.56]
		},
		"firstperson_lefthand": {
			"rotation": [11, -84, 0],
			"translation": [2.75, 3.25, 0],
			"scale": [-0.56, 0.56, 0.56]
		},
		"ground": {
			"rotation": [-90, -57, 0],
			"translation": [0, 1.5, 0],
			"scale": [0.74, 0.74, 0.74]
		},
		"gui": {
			"rotation": [-30, -38, -30],
			"translation": [1, 1.5, 0],
			"scale": [1.33, 0.96, 1.5]
		},
		"head": {
			"rotation": [90, 90, 0],
			"translation": [1, 8.75, 0]
		},
		"fixed": {
			"rotation": [0, 119, 0],
			"translation": [0, 1, -3],
			"scale": [1.5, 1.5, 1.5]
		}
	}
}