{
	"credit": "Made with Blockbench",
	"textures": {
		"2": "misc/yoyo"
	},
	"elements": [
		{
			"from": [15.5, 7, 4],
			"to": [16, 9, 5],
			"faces": {
				"north": {"uv": [0, 13, 1, 15], "texture": "#2"},
				"east": {"uv": [0, 13, 1, 15], "texture": "#2"},
				"south": {"uv": [0, 13, 1, 15], "texture": "#2"},
				"west": {"uv": [0, 13, 1, 15], "texture": "#2"},
				"up": {"uv": [0, 13, 1, 13], "texture": "#2"},
				"down": {"uv": [0, 12, 1, 13], "texture": "#2"}
			}
		},
		{
			"from": [0, 7, 4],
			"to": [0.5, 9, 5],
			"faces": {
				"north": {"uv": [0, 13, 1, 15], "texture": "#2"},
				"east": {"uv": [0, 13, 1, 15], "texture": "#2"},
				"south": {"uv": [0, 13, 1, 15], "texture": "#2"},
				"west": {"uv": [0, 13, 1, 15], "texture": "#2"},
				"up": {"uv": [0, 13, 1, 13], "texture": "#2"},
				"down": {"uv": [0, 12, 1, 13], "texture": "#2"}
			}
		}
	],
	"display": {
		"thirdperson_righthand": {
			"rotation": [-10, 128, 15],
			"translation": [0, 1, -1.5],
			"scale": [0.31, 0.3, 0.32]
		},
		"thirdperson_lefthand": {
			"rotation": [-10, 128, 15],
			"translation": [-1, 1, -1.5],
			"scale": [0.31, 0.3, 0.32]
		},
		"firstperson_righthand": {
			"rotation": [-10, 128, 15],
			"translation": [3.5, 5, -3.5],
			"scale": [0.47, 0.46, 0.45]
		},
		"firstperson_lefthand": {
			"rotation": [-10, 128, 15],
			"translation": [3.5, 5, -3.5],
			"scale": [0.47, 0.46, 0.45]
		},
		"ground": {
			"scale": [0.47, 0.46, 0.45]
		},
		"gui": {
			"rotation": [45, 133, 0],
			"translation": [3, 0.5, 0],
			"scale": [0.76, 0.76, 0.76]
		},
		"head": {
			"translation": [0, -3, 3.5],
			"scale": [0.9, 1.65, 1]
		},
		"fixed": {
			"translation": [0, 7.75, 0]
		}
	},
	"groups": [
		{
			"name": "group",
			"origin": [8, 8, 8],
			"color": 0,
			"children": []
		},
		{
			"name": "group",
			"origin": [8, 8, 8],
			"color": 0,
			"children": [0, 1]
		}
	]
}