{
  "providers": [
    {
      "type": "bitmap",
      "file": "minecraft:font/hammer.png",
      "ascent": 6,
      "height": 6,
      "chars": [
        "䦈"
      ]
    },
    {
      "type": "bitmap",
      "file": "minecraft:font/casual.png",
      "ascent": 6,
      "height": 6,
      "chars": [
        "䦉"
      ]
    },
    {
      "type": "bitmap",
      "file": "minecraft:font/defence.png",
      "ascent": 6,
      "height": 6,
      "chars": [
        "䦐"
      ]
    },
    {
      "type": "bitmap",
      "file": "minecraft:font/killer.png",
      "ascent": 6,
      "height": 6,
      "chars": [
        "䦑"
      ]
    },
    {
      "type": "bitmap",
      "file": "minecraft:font/event.png",
      "ascent": 6,
      "height": 6,
      "chars": [
        "䦒"
      ]
    },
    {
      "type": "bitmap",
      "file": "minecraft:font/donate.png",
      "ascent": 6,
      "height": 6,
      "chars": [
        "䦓"
      ]
    },
    {
      "type": "bitmap",
      "file": "minecraft:font/svaston.png",
      "ascent": 0,
      "height": 33,
      "chars": [
        "䦔"
      ]
    },
    {
      "type": "bitmap",
      "file": "minecraft:font/empty.png",
      "ascent": 8,
      "height": 8,
      "chars": [
        "䦕"
      ]
    },
    {
      "type": "bitmap",
      "file": "minecraft:font/steve.png",
      "ascent": 8,
      "height": 8,
      "chars": [
        "䦖"
      ]
    },
    {
      "type": "bitmap",
      "file": "minecraft:font/logopt1.png",
      "ascent": 0,
      "height": 33,
      "chars": [
        "䦗"
      ]
    },
    {
      "type": "bitmap",
      "file": "minecraft:font/logopt2.png",
      "ascent": 0,
      "height": 33,
      "chars": [
        "䦘"
      ]
    },
    {
      "type": "bitmap",
      "file": "minecraft:font/logopt3.png",
      "ascent": 0,
      "height": 33,
      "chars": [
        "䦙"
      ]
    },
    {
      "type": "bitmap",
      "file": "minecraft:font/notorchyes.png",
      "ascent": 8,
      "height": 8,
      "chars": [
        "Ꭴ"
      ]
    },
    {
      "type": "bitmap",
      "file": "minecraft:font/notorch.png",
      "ascent": 8,
      "height": 8,
      "chars": [
        "Ꭵ"
      ]
    },
    {
      "type": "bitmap",
      "file": "minecraft:font/notorchjk.png",
      "ascent": 8,
      "height": 8,
      "chars": [
        "Ꭶ"
      ]
    }
  ]
}