{
  "providers": [
    {
      "type": "bitmap",
      "file": "minecraft:font/hammer.png",
      "ascent": 6,
      "height": 6,
      "chars": [
        "䦈"
      ]
    },
    {
      "type": "bitmap",
      "file": "minecraft:font/casual.png",
      "ascent": 6,
      "height": 6,
      "chars": [
        "䦉"
      ]
    },
    {
      "type": "bitmap",
      "file": "minecraft:font/defence.png",
      "ascent": 6,
      "height": 6,
      "chars": [
        "䦐"
      ]
    },
    {
      "type": "bitmap",
      "file": "minecraft:font/killer.png",
      "ascent": 6,
      "height": 6,
      "chars": [
        "䦑"
      ]
    },
    {
      "type": "bitmap",
      "file": "minecraft:font/event.png",
      "ascent": 6,
      "height": 6,
      "chars": [
        "䦒"
      ]
    },
    {
      "type": "bitmap",
      "file": "minecraft:font/donate.png",
      "ascent": 6,
      "height": 6,
      "chars": [
        "䦓"
      ]
    },
    {
      "type": "bitmap",
      "file": "minecraft:font/svaston.png",
      "ascent": 0,
      "height": 33,
      "chars": [
        "䦔"
      ]
    },
    {
      "type": "bitmap",
      "file": "minecraft:font/empty.png",
      "ascent": 8,
      "height": 8,
      "chars": [
        "䦕"
      ]
    },
    {
      "type": "bitmap",
      "file": "minecraft:font/steve.png",
      "ascent": 8,
      "height": 8,
      "chars": [
        "䦖"
      ]
    },
    {
      "type": "bitmap",
      "file": "minecraft:font/logopt1.png",
      "ascent": 0,
      "height": 33,
      "chars": [
        "䦗"
      ]
    },
    {
      "type": "bitmap",
      "file": "minecraft:font/logopt2.png",
      "ascent": 0,
      "height": 33,
      "chars": [
        "䦘"
      ]
    },
    {
      "type": "bitmap",
      "file": "minecraft:font/logopt3.png",
      "ascent": 0,
      "height": 33,
      "chars": [
        "䦙"
      ]
    },
    {
      "type": "bitmap",
      "file": "minecraft:font/bucks_bunnnyyy.png",
      "ascent": 8,
      "height": 8,
      "chars": [
        "ᎋ"
      ]
    },
    {
      "type": "bitmap",
      "file": "minecraft:font/vinyrka.png",
      "ascent": 8,
      "height": 8,
      "chars": [
        "᎔"
      ]
    },
    {
      "type": "bitmap",
      "file": "minecraft:font/vinyrka.png",
      "ascent": 8,
      "height": 8,
      "chars": [
        "᎕"
      ]
    },
    {
      "type": "bitmap",
      "file": "minecraft:font/mireg.png",
      "ascent": 8,
      "height": 8,
      "chars": [
        "᎘"
      ]
    },
    {
      "type": "bitmap",
      "file": "minecraft:font/yakumobtz.png",
      "ascent": 8,
      "height": 8,
      "chars": [
        "ᎌ"
      ]
    },
    {
      "type": "bitmap",
      "file": "minecraft:font/fsyi.png",
      "ascent": 8,
      "height": 8,
      "chars": [
        "ᎎ"
      ]
    },
    {
      "type": "bitmap",
      "file": "minecraft:font/alergo_ventigo.png",
      "ascent": 8,
      "height": 8,
      "chars": [
        "᎐"
      ]
    },
    {
      "type": "bitmap",
      "file": "minecraft:font/reylk.png",
      "ascent": 8,
      "height": 8,
      "chars": [
        "᎑"
      ]
    },
    {
      "type": "bitmap",
      "file": "minecraft:font/niger1.png",
      "ascent": 8,
      "height": 8,
      "chars": [
        "᎗"
      ]
    },
    {
      "type": "bitmap",
      "file": "minecraft:font/hirouskall.png",
      "ascent": 8,
      "height": 8,
      "chars": [
        "᎝"
      ]
    },
    {
      "type": "bitmap",
      "file": "minecraft:font/kraikytuc.png",
      "ascent": 8,
      "height": 8,
      "chars": [
        "᎙"
      ]
    },
    {
      "type": "bitmap",
      "file": "minecraft:font/pampers200807.png",
      "ascent": 8,
      "height": 8,
      "chars": [
        "Ꭰ"
      ]
    },
    {
      "type": "bitmap",
      "file": "minecraft:font/j_seven777.png",
      "ascent": 8,
      "height": 8,
      "chars": [
        "Ꭵ"
      ]
    },
    {
      "type": "bitmap",
      "file": "minecraft:font/_inkill_.png",
      "ascent": 8,
      "height": 8,
      "chars": [
        "Ꭶ"
      ]
    },
    {
      "type": "bitmap",
      "file": "minecraft:font/doctorbzdun.png",
      "ascent": 8,
      "height": 8,
      "chars": [
        "Ꭳ"
      ]
    },
    {
      "type": "bitmap",
      "file": "minecraft:font/tommiihet124.png",
      "ascent": 8,
      "height": 8,
      "chars": [
        "Ꭸ"
      ]
    },
    {
      "type": "bitmap",
      "file": "minecraft:font/niger.png",
      "ascent": 8,
      "height": 8,
      "chars": [
        "Ꭹ"
      ]
    },
    {
      "type": "bitmap",
      "file": "minecraft:font/perspectiva_san.png",
      "ascent": 8,
      "height": 8,
      "chars": [
        "Ꭴ"
      ]
    },
    {
      "type": "bitmap",
      "file": "minecraft:font/player1052.png",
      "ascent": 8,
      "height": 8,
      "chars": [
        "Ꭺ"
      ]
    },
    {
      "type": "bitmap",
      "file": "minecraft:font/angels24.png",
      "ascent": 8,
      "height": 8,
      "chars": [
        "Ꭲ"
      ]
    },
    {
      "type": "bitmap",
      "file": "minecraft:font/sesik666.png",
      "ascent": 8,
      "height": 8,
      "chars": [
        "᎚"
      ]
    },
    {
      "type": "bitmap",
      "file": "minecraft:font/dreyzzon.png",
      "ascent": 8,
      "height": 8,
      "chars": [
        "᎟"
      ]
    },
    {
      "type": "bitmap",
      "file": "minecraft:font/chokopaykirill.png",
      "ascent": 8,
      "height": 8,
      "chars": [
        "ᎈ"
      ]
    },
    {
      "type": "bitmap",
      "file": "minecraft:font/_makzon_.png",
      "ascent": 8,
      "height": 8,
      "chars": [
        "᎛"
      ]
    },
    {
      "type": "bitmap",
      "file": "minecraft:font/qwiistt.png",
      "ascent": 8,
      "height": 8,
      "chars": [
        "᎞"
      ]
    },
    {
      "type": "bitmap",
      "file": "minecraft:font/takemyeye.png",
      "ascent": 8,
      "height": 8,
      "chars": [
        "᎓"
      ]
    },
    {
      "type": "bitmap",
      "file": "minecraft:font/_melnic_.png",
      "ascent": 8,
      "height": 8,
      "chars": [
        "ᎏ"
      ]
    }
  ]
}