{
  "providers": [
    {
      "type": "bitmap",
      "file": "minecraft:font/steve.png",
      "ascent": 8,
      "height": 8,
      "chars": [
        "䦖"
      ]
    },
    {
      "type": "bitmap",
      "file": "minecraft:font/logopt1.png",
      "ascent": 0,
      "height": 33,
      "chars": [
        "䦗"
      ]
    },
    {
      "type": "bitmap",
      "file": "minecraft:font/logopt2.png",
      "ascent": 0,
      "height": 33,
      "chars": [
        "䦘"
      ]
    },
    {
      "type": "bitmap",
      "file": "minecraft:font/logopt3.png",
      "ascent": 0,
      "height": 33,
      "chars": [
        "䦙"
      ]
    },
    {
      "type": "bitmap",
      "file": "minecraft:font/perspectiva_san.png",
      "ascent": 8,
      "height": 8,
      "chars": [
        "ᎈ"
      ]
    },
    {
      "type": "bitmap",
      "file": "minecraft:font/alergo_ventigo.png",
      "ascent": 8,
      "height": 8,
      "chars": [
        "ᎉ"
      ]
    },
    {
      "type": "bitmap",
      "file": "minecraft:font/mireg.png",
      "ascent": 8,
      "height": 8,
      "chars": [
        "ᎊ"
      ]
    },
    {
      "type": "bitmap",
      "file": "minecraft:font/niger1.png",
      "ascent": 8,
      "height": 8,
      "chars": [
        "ᎋ"
      ]
    },
    {
      "type": "bitmap",
      "file": "minecraft:font/vinyrka.png",
      "ascent": 8,
      "height": 8,
      "chars": [
        "ᎌ"
      ]
    },
    {
      "type": "bitmap",
      "file": "minecraft:font/niger.png",
      "ascent": 8,
      "height": 8,
      "chars": [
        "ᎍ"
      ]
    }
  ]
}